mode,tile,precision,protocol,case,branch,seed,window,steps,ms_per_step,loss,checksum,allocations,file
0,2,f32,host,deep,0,3,0,100,0.511228000,0.0050005200319,0,2,adaptive-confirm-deep-f32-host-b0-s3-o0.txt
0,2,f32,host,deep,0,3,1,100,0.516297000,0.00500052096322,0,2,adaptive-confirm-deep-f32-host-b0-s3-o0.txt
0,2,f32,host,deep,0,3,2,100,0.503693000,0.0050005200319,0,2,adaptive-confirm-deep-f32-host-b0-s3-o0.txt
0,2,f32,host,deep,0,3,3,100,0.504415000,0.0050005200319,0,2,adaptive-confirm-deep-f32-host-b0-s3-o0.txt
0,2,f32,host,deep,0,3,4,100,0.516691000,0.0050005200319,-0.714847233547,2,adaptive-confirm-deep-f32-host-b0-s3-o0.txt
2,2,f32,host,deep,0,3,0,100,0.504819000,0.0050005200319,0,2,adaptive-confirm-deep-f32-host-b0-s3-o1.txt
2,2,f32,host,deep,0,3,1,100,0.503122000,0.00500052096322,0,2,adaptive-confirm-deep-f32-host-b0-s3-o1.txt
2,2,f32,host,deep,0,3,2,100,0.518264000,0.0050005200319,0,2,adaptive-confirm-deep-f32-host-b0-s3-o1.txt
2,2,f32,host,deep,0,3,3,100,0.498196000,0.0050005200319,0,2,adaptive-confirm-deep-f32-host-b0-s3-o1.txt
2,2,f32,host,deep,0,3,4,100,0.514827000,0.0050005200319,-0.714847233547,2,adaptive-confirm-deep-f32-host-b0-s3-o1.txt
2,2,f32,host,deep,0,3,0,100,0.509695000,0.0050005200319,0,2,adaptive-confirm-deep-f32-host-b0-s3-o2.txt
2,2,f32,host,deep,0,3,1,100,0.503529000,0.00500052096322,0,2,adaptive-confirm-deep-f32-host-b0-s3-o2.txt
2,2,f32,host,deep,0,3,2,100,0.506208000,0.0050005200319,0,2,adaptive-confirm-deep-f32-host-b0-s3-o2.txt
2,2,f32,host,deep,0,3,3,100,0.506567000,0.0050005200319,0,2,adaptive-confirm-deep-f32-host-b0-s3-o2.txt
2,2,f32,host,deep,0,3,4,100,0.504898000,0.0050005200319,-0.714847233547,2,adaptive-confirm-deep-f32-host-b0-s3-o2.txt
0,2,f32,host,deep,0,3,0,100,0.506530000,0.0050005200319,0,2,adaptive-confirm-deep-f32-host-b0-s3-o3.txt
0,2,f32,host,deep,0,3,1,100,0.512829000,0.00500052096322,0,2,adaptive-confirm-deep-f32-host-b0-s3-o3.txt
0,2,f32,host,deep,0,3,2,100,0.507844000,0.0050005200319,0,2,adaptive-confirm-deep-f32-host-b0-s3-o3.txt
0,2,f32,host,deep,0,3,3,100,0.514023000,0.0050005200319,0,2,adaptive-confirm-deep-f32-host-b0-s3-o3.txt
0,2,f32,host,deep,0,3,4,100,0.511968000,0.0050005200319,-0.714847233547,2,adaptive-confirm-deep-f32-host-b0-s3-o3.txt
0,2,f32,host,deep,0,4,0,100,0.506076000,0.00500066019595,0,2,adaptive-confirm-deep-f32-host-b0-s4-o0.txt
0,2,f32,host,deep,0,4,1,100,0.504722000,0.00500066019595,0,2,adaptive-confirm-deep-f32-host-b0-s4-o0.txt
0,2,f32,host,deep,0,4,2,100,0.504629000,0.00500066019595,0,2,adaptive-confirm-deep-f32-host-b0-s4-o0.txt
0,2,f32,host,deep,0,4,3,100,0.503934000,0.00500066019595,0,2,adaptive-confirm-deep-f32-host-b0-s4-o0.txt
0,2,f32,host,deep,0,4,4,100,0.504600000,0.00500066019595,-2.58159476021,2,adaptive-confirm-deep-f32-host-b0-s4-o0.txt
2,2,f32,host,deep,0,4,0,100,0.513729000,0.00500066019595,0,2,adaptive-confirm-deep-f32-host-b0-s4-o1.txt
2,2,f32,host,deep,0,4,1,100,0.511731000,0.00500066019595,0,2,adaptive-confirm-deep-f32-host-b0-s4-o1.txt
2,2,f32,host,deep,0,4,2,100,0.503967000,0.00500066019595,0,2,adaptive-confirm-deep-f32-host-b0-s4-o1.txt
2,2,f32,host,deep,0,4,3,100,0.499448000,0.00500066019595,0,2,adaptive-confirm-deep-f32-host-b0-s4-o1.txt
2,2,f32,host,deep,0,4,4,100,0.508244000,0.00500066019595,-2.58159476021,2,adaptive-confirm-deep-f32-host-b0-s4-o1.txt
2,2,f32,host,deep,0,4,0,100,0.501825000,0.00500066019595,0,2,adaptive-confirm-deep-f32-host-b0-s4-o2.txt
2,2,f32,host,deep,0,4,1,100,0.501253000,0.00500066019595,0,2,adaptive-confirm-deep-f32-host-b0-s4-o2.txt
2,2,f32,host,deep,0,4,2,100,0.500656000,0.00500066019595,0,2,adaptive-confirm-deep-f32-host-b0-s4-o2.txt
2,2,f32,host,deep,0,4,3,100,0.496245000,0.00500066019595,0,2,adaptive-confirm-deep-f32-host-b0-s4-o2.txt
2,2,f32,host,deep,0,4,4,100,0.503714000,0.00500066019595,-2.58159476021,2,adaptive-confirm-deep-f32-host-b0-s4-o2.txt
0,2,f32,host,deep,0,4,0,100,0.518837000,0.00500066019595,0,2,adaptive-confirm-deep-f32-host-b0-s4-o3.txt
0,2,f32,host,deep,0,4,1,100,0.509673000,0.00500066019595,0,2,adaptive-confirm-deep-f32-host-b0-s4-o3.txt
0,2,f32,host,deep,0,4,2,100,0.510913000,0.00500066019595,0,2,adaptive-confirm-deep-f32-host-b0-s4-o3.txt
0,2,f32,host,deep,0,4,3,100,0.508087000,0.00500066019595,0,2,adaptive-confirm-deep-f32-host-b0-s4-o3.txt
0,2,f32,host,deep,0,4,4,100,0.520322000,0.00500066019595,-2.58159476021,2,adaptive-confirm-deep-f32-host-b0-s4-o3.txt
0,2,f32,host,deep,0,5,0,100,0.519410000,0.00500075146556,0,2,adaptive-confirm-deep-f32-host-b0-s5-o0.txt
0,2,f32,host,deep,0,5,1,100,0.506219000,0.0050007509999,0,2,adaptive-confirm-deep-f32-host-b0-s5-o0.txt
0,2,f32,host,deep,0,5,2,100,0.510237000,0.00500075193122,0,2,adaptive-confirm-deep-f32-host-b0-s5-o0.txt
0,2,f32,host,deep,0,5,3,100,0.519979000,0.0050007509999,0,2,adaptive-confirm-deep-f32-host-b0-s5-o0.txt
0,2,f32,host,deep,0,5,4,100,0.512554000,0.00500075193122,-0.966732314565,2,adaptive-confirm-deep-f32-host-b0-s5-o0.txt
2,2,f32,host,deep,0,5,0,100,0.495823000,0.00500075146556,0,2,adaptive-confirm-deep-f32-host-b0-s5-o1.txt
2,2,f32,host,deep,0,5,1,100,0.498998000,0.0050007509999,0,2,adaptive-confirm-deep-f32-host-b0-s5-o1.txt
2,2,f32,host,deep,0,5,2,100,0.503373000,0.00500075193122,0,2,adaptive-confirm-deep-f32-host-b0-s5-o1.txt
2,2,f32,host,deep,0,5,3,100,0.509214000,0.0050007509999,0,2,adaptive-confirm-deep-f32-host-b0-s5-o1.txt
2,2,f32,host,deep,0,5,4,100,0.502632000,0.00500075193122,-0.966732314565,2,adaptive-confirm-deep-f32-host-b0-s5-o1.txt
2,2,f32,host,deep,0,5,0,100,0.501753000,0.00500075146556,0,2,adaptive-confirm-deep-f32-host-b0-s5-o2.txt
2,2,f32,host,deep,0,5,1,100,0.508336000,0.0050007509999,0,2,adaptive-confirm-deep-f32-host-b0-s5-o2.txt
2,2,f32,host,deep,0,5,2,100,0.505845000,0.00500075193122,0,2,adaptive-confirm-deep-f32-host-b0-s5-o2.txt
2,2,f32,host,deep,0,5,3,100,0.503314000,0.0050007509999,0,2,adaptive-confirm-deep-f32-host-b0-s5-o2.txt
2,2,f32,host,deep,0,5,4,100,0.510462000,0.00500075193122,-0.966732314565,2,adaptive-confirm-deep-f32-host-b0-s5-o2.txt
0,2,f32,host,deep,0,5,0,100,0.506175000,0.00500075146556,0,2,adaptive-confirm-deep-f32-host-b0-s5-o3.txt
0,2,f32,host,deep,0,5,1,100,0.527901000,0.0050007509999,0,2,adaptive-confirm-deep-f32-host-b0-s5-o3.txt
0,2,f32,host,deep,0,5,2,100,0.531572000,0.00500075193122,0,2,adaptive-confirm-deep-f32-host-b0-s5-o3.txt
0,2,f32,host,deep,0,5,3,100,0.523701000,0.0050007509999,0,2,adaptive-confirm-deep-f32-host-b0-s5-o3.txt
0,2,f32,host,deep,0,5,4,100,0.506123000,0.00500075193122,-0.966732314565,2,adaptive-confirm-deep-f32-host-b0-s5-o3.txt
0,2,f32,host,deep,1,3,0,100,0.635811000,0.00500051863492,0,2,adaptive-confirm-deep-f32-host-b1-s3-o0.txt
0,2,f32,host,deep,1,3,1,100,0.631019000,0.00500051816925,0,2,adaptive-confirm-deep-f32-host-b1-s3-o0.txt
0,2,f32,host,deep,1,3,2,100,0.641604000,0.00500051770359,0,2,adaptive-confirm-deep-f32-host-b1-s3-o0.txt
0,2,f32,host,deep,1,3,3,100,0.631206000,0.00500051723793,0,2,adaptive-confirm-deep-f32-host-b1-s3-o0.txt
0,2,f32,host,deep,1,3,4,100,0.630139000,0.00500051816925,-0.644507684064,2,adaptive-confirm-deep-f32-host-b1-s3-o0.txt
2,2,f32,host,deep,1,3,0,100,0.626589000,0.00500051863492,0,2,adaptive-confirm-deep-f32-host-b1-s3-o1.txt
2,2,f32,host,deep,1,3,1,100,0.623587000,0.00500051816925,0,2,adaptive-confirm-deep-f32-host-b1-s3-o1.txt
2,2,f32,host,deep,1,3,2,100,0.631094000,0.00500051770359,0,2,adaptive-confirm-deep-f32-host-b1-s3-o1.txt
2,2,f32,host,deep,1,3,3,100,0.630992000,0.00500051723793,0,2,adaptive-confirm-deep-f32-host-b1-s3-o1.txt
2,2,f32,host,deep,1,3,4,100,0.637190000,0.00500051816925,-0.644507684064,2,adaptive-confirm-deep-f32-host-b1-s3-o1.txt
2,2,f32,host,deep,1,3,0,100,0.621923000,0.00500051863492,0,2,adaptive-confirm-deep-f32-host-b1-s3-o2.txt
2,2,f32,host,deep,1,3,1,100,0.630131000,0.00500051816925,0,2,adaptive-confirm-deep-f32-host-b1-s3-o2.txt
2,2,f32,host,deep,1,3,2,100,0.633028000,0.00500051770359,0,2,adaptive-confirm-deep-f32-host-b1-s3-o2.txt
2,2,f32,host,deep,1,3,3,100,0.635019000,0.00500051723793,0,2,adaptive-confirm-deep-f32-host-b1-s3-o2.txt
2,2,f32,host,deep,1,3,4,100,0.632387000,0.00500051816925,-0.644507684064,2,adaptive-confirm-deep-f32-host-b1-s3-o2.txt
0,2,f32,host,deep,1,3,0,100,0.639089000,0.00500051863492,0,2,adaptive-confirm-deep-f32-host-b1-s3-o3.txt
0,2,f32,host,deep,1,3,1,100,0.637538000,0.00500051816925,0,2,adaptive-confirm-deep-f32-host-b1-s3-o3.txt
0,2,f32,host,deep,1,3,2,100,0.637030000,0.00500051770359,0,2,adaptive-confirm-deep-f32-host-b1-s3-o3.txt
0,2,f32,host,deep,1,3,3,100,0.638834000,0.00500051723793,0,2,adaptive-confirm-deep-f32-host-b1-s3-o3.txt
0,2,f32,host,deep,1,3,4,100,0.633203000,0.00500051816925,-0.644507684064,2,adaptive-confirm-deep-f32-host-b1-s3-o3.txt
0,2,f32,host,deep,1,4,0,100,0.634770000,0.00500065926462,0,2,adaptive-confirm-deep-f32-host-b1-s4-o0.txt
0,2,f32,host,deep,1,4,1,100,0.647756000,0.00500065926462,0,2,adaptive-confirm-deep-f32-host-b1-s4-o0.txt
0,2,f32,host,deep,1,4,2,100,0.631467000,0.00500065926462,0,2,adaptive-confirm-deep-f32-host-b1-s4-o0.txt
0,2,f32,host,deep,1,4,3,100,0.642864000,0.00500065926462,0,2,adaptive-confirm-deep-f32-host-b1-s4-o0.txt
0,2,f32,host,deep,1,4,4,100,0.649362000,0.00500065973029,-2.51916545139,2,adaptive-confirm-deep-f32-host-b1-s4-o0.txt
2,2,f32,host,deep,1,4,0,100,0.639507000,0.00500065926462,0,2,adaptive-confirm-deep-f32-host-b1-s4-o1.txt
2,2,f32,host,deep,1,4,1,100,0.636647000,0.00500065926462,0,2,adaptive-confirm-deep-f32-host-b1-s4-o1.txt
2,2,f32,host,deep,1,4,2,100,0.630809000,0.00500065926462,0,2,adaptive-confirm-deep-f32-host-b1-s4-o1.txt
2,2,f32,host,deep,1,4,3,100,0.636157000,0.00500065926462,0,2,adaptive-confirm-deep-f32-host-b1-s4-o1.txt
2,2,f32,host,deep,1,4,4,100,0.625634000,0.00500065973029,-2.51916545139,2,adaptive-confirm-deep-f32-host-b1-s4-o1.txt
2,2,f32,host,deep,1,4,0,100,0.625321000,0.00500065926462,0,2,adaptive-confirm-deep-f32-host-b1-s4-o2.txt
2,2,f32,host,deep,1,4,1,100,0.622715000,0.00500065926462,0,2,adaptive-confirm-deep-f32-host-b1-s4-o2.txt
2,2,f32,host,deep,1,4,2,100,0.627204000,0.00500065926462,0,2,adaptive-confirm-deep-f32-host-b1-s4-o2.txt
2,2,f32,host,deep,1,4,3,100,0.630380000,0.00500065926462,0,2,adaptive-confirm-deep-f32-host-b1-s4-o2.txt
2,2,f32,host,deep,1,4,4,100,0.628592000,0.00500065973029,-2.51916545139,2,adaptive-confirm-deep-f32-host-b1-s4-o2.txt
0,2,f32,host,deep,1,4,0,100,0.643783000,0.00500065926462,0,2,adaptive-confirm-deep-f32-host-b1-s4-o3.txt
0,2,f32,host,deep,1,4,1,100,0.640983000,0.00500065926462,0,2,adaptive-confirm-deep-f32-host-b1-s4-o3.txt
0,2,f32,host,deep,1,4,2,100,0.636310000,0.00500065926462,0,2,adaptive-confirm-deep-f32-host-b1-s4-o3.txt
0,2,f32,host,deep,1,4,3,100,0.647579000,0.00500065926462,0,2,adaptive-confirm-deep-f32-host-b1-s4-o3.txt
0,2,f32,host,deep,1,4,4,100,0.638320000,0.00500065973029,-2.51916545139,2,adaptive-confirm-deep-f32-host-b1-s4-o3.txt
0,2,f32,host,deep,1,5,0,100,0.627955000,0.0050007533282,0,2,adaptive-confirm-deep-f32-host-b1-s5-o0.txt
0,2,f32,host,deep,1,5,1,100,0.637644000,0.0050007533282,0,2,adaptive-confirm-deep-f32-host-b1-s5-o0.txt
0,2,f32,host,deep,1,5,2,100,0.649946000,0.0050007533282,0,2,adaptive-confirm-deep-f32-host-b1-s5-o0.txt
0,2,f32,host,deep,1,5,3,100,0.642268000,0.0050007533282,0,2,adaptive-confirm-deep-f32-host-b1-s5-o0.txt
0,2,f32,host,deep,1,5,4,100,0.639486000,0.0050007533282,-0.913090442795,2,adaptive-confirm-deep-f32-host-b1-s5-o0.txt
2,2,f32,host,deep,1,5,0,100,0.636818000,0.0050007533282,0,2,adaptive-confirm-deep-f32-host-b1-s5-o1.txt
2,2,f32,host,deep,1,5,1,100,0.635115000,0.0050007533282,0,2,adaptive-confirm-deep-f32-host-b1-s5-o1.txt
2,2,f32,host,deep,1,5,2,100,0.629576000,0.0050007533282,0,2,adaptive-confirm-deep-f32-host-b1-s5-o1.txt
2,2,f32,host,deep,1,5,3,100,0.637040000,0.0050007533282,0,2,adaptive-confirm-deep-f32-host-b1-s5-o1.txt
2,2,f32,host,deep,1,5,4,100,0.626202000,0.0050007533282,-0.913090442795,2,adaptive-confirm-deep-f32-host-b1-s5-o1.txt
2,2,f32,host,deep,1,5,0,100,0.631789000,0.0050007533282,0,2,adaptive-confirm-deep-f32-host-b1-s5-o2.txt
2,2,f32,host,deep,1,5,1,100,0.635929000,0.0050007533282,0,2,adaptive-confirm-deep-f32-host-b1-s5-o2.txt
2,2,f32,host,deep,1,5,2,100,0.641771000,0.0050007533282,0,2,adaptive-confirm-deep-f32-host-b1-s5-o2.txt
2,2,f32,host,deep,1,5,3,100,0.621194000,0.0050007533282,0,2,adaptive-confirm-deep-f32-host-b1-s5-o2.txt
2,2,f32,host,deep,1,5,4,100,0.625822000,0.0050007533282,-0.913090442795,2,adaptive-confirm-deep-f32-host-b1-s5-o2.txt
0,2,f32,host,deep,1,5,0,100,0.627417000,0.0050007533282,0,2,adaptive-confirm-deep-f32-host-b1-s5-o3.txt
0,2,f32,host,deep,1,5,1,100,0.633153000,0.0050007533282,0,2,adaptive-confirm-deep-f32-host-b1-s5-o3.txt
0,2,f32,host,deep,1,5,2,100,0.632030000,0.0050007533282,0,2,adaptive-confirm-deep-f32-host-b1-s5-o3.txt
0,2,f32,host,deep,1,5,3,100,0.628547000,0.0050007533282,0,2,adaptive-confirm-deep-f32-host-b1-s5-o3.txt
0,2,f32,host,deep,1,5,4,100,0.630336000,0.0050007533282,-0.913090442795,2,adaptive-confirm-deep-f32-host-b1-s5-o3.txt
0,2,f32,resident,deep,0,3,0,100,0.313148000,0.00499964784831,0,2,adaptive-confirm-deep-f32-resident-b0-s3-o0.txt
0,2,f32,resident,deep,0,3,1,100,0.308154000,0.00499964784831,0,2,adaptive-confirm-deep-f32-resident-b0-s3-o0.txt
0,2,f32,resident,deep,0,3,2,100,0.309529000,0.00499964877963,0,2,adaptive-confirm-deep-f32-resident-b0-s3-o0.txt
0,2,f32,resident,deep,0,3,3,100,0.308333000,0.00499964877963,0,2,adaptive-confirm-deep-f32-resident-b0-s3-o0.txt
0,2,f32,resident,deep,0,3,4,100,0.307491000,0.00499964877963,-0.714860493188,2,adaptive-confirm-deep-f32-resident-b0-s3-o0.txt
2,2,f32,resident,deep,0,3,0,100,0.303655000,0.00499964784831,0,2,adaptive-confirm-deep-f32-resident-b0-s3-o1.txt
2,2,f32,resident,deep,0,3,1,100,0.300244000,0.00499964784831,0,2,adaptive-confirm-deep-f32-resident-b0-s3-o1.txt
2,2,f32,resident,deep,0,3,2,100,0.300738000,0.00499964877963,0,2,adaptive-confirm-deep-f32-resident-b0-s3-o1.txt
2,2,f32,resident,deep,0,3,3,100,0.299995000,0.00499964877963,0,2,adaptive-confirm-deep-f32-resident-b0-s3-o1.txt
2,2,f32,resident,deep,0,3,4,100,0.300026000,0.00499964877963,-0.714860493188,2,adaptive-confirm-deep-f32-resident-b0-s3-o1.txt
2,2,f32,resident,deep,0,3,0,100,0.300099000,0.00499964784831,0,2,adaptive-confirm-deep-f32-resident-b0-s3-o2.txt
2,2,f32,resident,deep,0,3,1,100,0.301963000,0.00499964784831,0,2,adaptive-confirm-deep-f32-resident-b0-s3-o2.txt
2,2,f32,resident,deep,0,3,2,100,0.303729000,0.00499964877963,0,2,adaptive-confirm-deep-f32-resident-b0-s3-o2.txt
2,2,f32,resident,deep,0,3,3,100,0.299544000,0.00499964877963,0,2,adaptive-confirm-deep-f32-resident-b0-s3-o2.txt
2,2,f32,resident,deep,0,3,4,100,0.309462000,0.00499964877963,-0.714860493188,2,adaptive-confirm-deep-f32-resident-b0-s3-o2.txt
0,2,f32,resident,deep,0,3,0,100,0.315399000,0.00499964784831,0,2,adaptive-confirm-deep-f32-resident-b0-s3-o3.txt
0,2,f32,resident,deep,0,3,1,100,0.307005000,0.00499964784831,0,2,adaptive-confirm-deep-f32-resident-b0-s3-o3.txt
0,2,f32,resident,deep,0,3,2,100,0.320667000,0.00499964877963,0,2,adaptive-confirm-deep-f32-resident-b0-s3-o3.txt
0,2,f32,resident,deep,0,3,3,100,0.308575000,0.00499964877963,0,2,adaptive-confirm-deep-f32-resident-b0-s3-o3.txt
0,2,f32,resident,deep,0,3,4,100,0.307510000,0.00499964877963,-0.714860493188,2,adaptive-confirm-deep-f32-resident-b0-s3-o3.txt
0,2,f32,resident,deep,0,4,0,100,0.309841000,0.00500037195161,0,2,adaptive-confirm-deep-f32-resident-b0-s4-o0.txt
0,2,f32,resident,deep,0,4,1,100,0.307142000,0.00500037241727,0,2,adaptive-confirm-deep-f32-resident-b0-s4-o0.txt
0,2,f32,resident,deep,0,4,2,100,0.307082000,0.00500037241727,0,2,adaptive-confirm-deep-f32-resident-b0-s4-o0.txt
0,2,f32,resident,deep,0,4,3,100,0.314123000,0.00500037288293,0,2,adaptive-confirm-deep-f32-resident-b0-s4-o0.txt
0,2,f32,resident,deep,0,4,4,100,0.309930000,0.00500037288293,-2.58155586171,2,adaptive-confirm-deep-f32-resident-b0-s4-o0.txt
2,2,f32,resident,deep,0,4,0,100,0.298932000,0.00500037195161,0,2,adaptive-confirm-deep-f32-resident-b0-s4-o1.txt
2,2,f32,resident,deep,0,4,1,100,0.302096000,0.00500037241727,0,2,adaptive-confirm-deep-f32-resident-b0-s4-o1.txt
2,2,f32,resident,deep,0,4,2,100,0.299983000,0.00500037241727,0,2,adaptive-confirm-deep-f32-resident-b0-s4-o1.txt
2,2,f32,resident,deep,0,4,3,100,0.300749000,0.00500037288293,0,2,adaptive-confirm-deep-f32-resident-b0-s4-o1.txt
2,2,f32,resident,deep,0,4,4,100,0.309059000,0.00500037288293,-2.58155586171,2,adaptive-confirm-deep-f32-resident-b0-s4-o1.txt
2,2,f32,resident,deep,0,4,0,100,0.301593000,0.00500037195161,0,2,adaptive-confirm-deep-f32-resident-b0-s4-o2.txt
2,2,f32,resident,deep,0,4,1,100,0.301020000,0.00500037241727,0,2,adaptive-confirm-deep-f32-resident-b0-s4-o2.txt
2,2,f32,resident,deep,0,4,2,100,0.301377000,0.00500037241727,0,2,adaptive-confirm-deep-f32-resident-b0-s4-o2.txt
2,2,f32,resident,deep,0,4,3,100,0.301877000,0.00500037288293,0,2,adaptive-confirm-deep-f32-resident-b0-s4-o2.txt
2,2,f32,resident,deep,0,4,4,100,0.301234000,0.00500037288293,-2.58155586171,2,adaptive-confirm-deep-f32-resident-b0-s4-o2.txt
0,2,f32,resident,deep,0,4,0,100,0.307950000,0.00500037195161,0,2,adaptive-confirm-deep-f32-resident-b0-s4-o3.txt
0,2,f32,resident,deep,0,4,1,100,0.307181000,0.00500037241727,0,2,adaptive-confirm-deep-f32-resident-b0-s4-o3.txt
0,2,f32,resident,deep,0,4,2,100,0.308131000,0.00500037241727,0,2,adaptive-confirm-deep-f32-resident-b0-s4-o3.txt
0,2,f32,resident,deep,0,4,3,100,0.307518000,0.00500037288293,0,2,adaptive-confirm-deep-f32-resident-b0-s4-o3.txt
0,2,f32,resident,deep,0,4,4,100,0.308001000,0.00500037288293,-2.58155586171,2,adaptive-confirm-deep-f32-resident-b0-s4-o3.txt
0,2,f32,resident,deep,0,5,0,100,0.305476000,0.00500107835978,0,2,adaptive-confirm-deep-f32-resident-b0-s5-o0.txt
0,2,f32,resident,deep,0,5,1,100,0.306833000,0.00500107742846,0,2,adaptive-confirm-deep-f32-resident-b0-s5-o0.txt
0,2,f32,resident,deep,0,5,2,100,0.307290000,0.00500107742846,0,2,adaptive-confirm-deep-f32-resident-b0-s5-o0.txt
0,2,f32,resident,deep,0,5,3,100,0.308275000,0.00500107742846,0,2,adaptive-confirm-deep-f32-resident-b0-s5-o0.txt
0,2,f32,resident,deep,0,5,4,100,0.306830000,0.00500107742846,-0.966697582014,2,adaptive-confirm-deep-f32-resident-b0-s5-o0.txt
2,2,f32,resident,deep,0,5,0,100,0.299513000,0.00500107835978,0,2,adaptive-confirm-deep-f32-resident-b0-s5-o1.txt
2,2,f32,resident,deep,0,5,1,100,0.302512000,0.00500107742846,0,2,adaptive-confirm-deep-f32-resident-b0-s5-o1.txt
2,2,f32,resident,deep,0,5,2,100,0.303526000,0.00500107742846,0,2,adaptive-confirm-deep-f32-resident-b0-s5-o1.txt
2,2,f32,resident,deep,0,5,3,100,0.298966000,0.00500107742846,0,2,adaptive-confirm-deep-f32-resident-b0-s5-o1.txt
2,2,f32,resident,deep,0,5,4,100,0.301328000,0.00500107742846,-0.966697582014,2,adaptive-confirm-deep-f32-resident-b0-s5-o1.txt
2,2,f32,resident,deep,0,5,0,100,0.300187000,0.00500107835978,0,2,adaptive-confirm-deep-f32-resident-b0-s5-o2.txt
2,2,f32,resident,deep,0,5,1,100,0.298050000,0.00500107742846,0,2,adaptive-confirm-deep-f32-resident-b0-s5-o2.txt
2,2,f32,resident,deep,0,5,2,100,0.299823000,0.00500107742846,0,2,adaptive-confirm-deep-f32-resident-b0-s5-o2.txt
2,2,f32,resident,deep,0,5,3,100,0.302640000,0.00500107742846,0,2,adaptive-confirm-deep-f32-resident-b0-s5-o2.txt
2,2,f32,resident,deep,0,5,4,100,0.306220000,0.00500107742846,-0.966697582014,2,adaptive-confirm-deep-f32-resident-b0-s5-o2.txt
0,2,f32,resident,deep,0,5,0,100,0.307333000,0.00500107835978,0,2,adaptive-confirm-deep-f32-resident-b0-s5-o3.txt
0,2,f32,resident,deep,0,5,1,100,0.308910000,0.00500107742846,0,2,adaptive-confirm-deep-f32-resident-b0-s5-o3.txt
0,2,f32,resident,deep,0,5,2,100,0.308281000,0.00500107742846,0,2,adaptive-confirm-deep-f32-resident-b0-s5-o3.txt
0,2,f32,resident,deep,0,5,3,100,0.307161000,0.00500107742846,0,2,adaptive-confirm-deep-f32-resident-b0-s5-o3.txt
0,2,f32,resident,deep,0,5,4,100,0.318684000,0.00500107742846,-0.966697582014,2,adaptive-confirm-deep-f32-resident-b0-s5-o3.txt
0,2,f32,resident,deep,1,3,0,100,0.437010000,0.00499964365736,0,2,adaptive-confirm-deep-f32-resident-b1-s3-o0.txt
0,2,f32,resident,deep,1,3,1,100,0.442918000,0.00499964412302,0,2,adaptive-confirm-deep-f32-resident-b1-s3-o0.txt
0,2,f32,resident,deep,1,3,2,100,0.437826000,0.00499964412302,0,2,adaptive-confirm-deep-f32-resident-b1-s3-o0.txt
0,2,f32,resident,deep,1,3,3,100,0.438634000,0.00499964412302,0,2,adaptive-confirm-deep-f32-resident-b1-s3-o0.txt
0,2,f32,resident,deep,1,3,4,100,0.436667000,0.00499964412302,-0.644489556089,2,adaptive-confirm-deep-f32-resident-b1-s3-o0.txt
2,2,f32,resident,deep,1,3,0,100,0.432150000,0.00499964365736,0,2,adaptive-confirm-deep-f32-resident-b1-s3-o1.txt
2,2,f32,resident,deep,1,3,1,100,0.428637000,0.00499964412302,0,2,adaptive-confirm-deep-f32-resident-b1-s3-o1.txt
2,2,f32,resident,deep,1,3,2,100,0.431005000,0.00499964412302,0,2,adaptive-confirm-deep-f32-resident-b1-s3-o1.txt
2,2,f32,resident,deep,1,3,3,100,0.439963000,0.00499964412302,0,2,adaptive-confirm-deep-f32-resident-b1-s3-o1.txt
2,2,f32,resident,deep,1,3,4,100,0.432290000,0.00499964412302,-0.644489556089,2,adaptive-confirm-deep-f32-resident-b1-s3-o1.txt
2,2,f32,resident,deep,1,3,0,100,0.434581000,0.00499964365736,0,2,adaptive-confirm-deep-f32-resident-b1-s3-o2.txt
2,2,f32,resident,deep,1,3,1,100,0.427821000,0.00499964412302,0,2,adaptive-confirm-deep-f32-resident-b1-s3-o2.txt
2,2,f32,resident,deep,1,3,2,100,0.431600000,0.00499964412302,0,2,adaptive-confirm-deep-f32-resident-b1-s3-o2.txt
2,2,f32,resident,deep,1,3,3,100,0.433978000,0.00499964412302,0,2,adaptive-confirm-deep-f32-resident-b1-s3-o2.txt
2,2,f32,resident,deep,1,3,4,100,0.430924000,0.00499964412302,-0.644489556089,2,adaptive-confirm-deep-f32-resident-b1-s3-o2.txt
0,2,f32,resident,deep,1,3,0,100,0.437968000,0.00499964365736,0,2,adaptive-confirm-deep-f32-resident-b1-s3-o3.txt
0,2,f32,resident,deep,1,3,1,100,0.439065000,0.00499964412302,0,2,adaptive-confirm-deep-f32-resident-b1-s3-o3.txt
0,2,f32,resident,deep,1,3,2,100,0.437727000,0.00499964412302,0,2,adaptive-confirm-deep-f32-resident-b1-s3-o3.txt
0,2,f32,resident,deep,1,3,3,100,0.439986000,0.00499964412302,0,2,adaptive-confirm-deep-f32-resident-b1-s3-o3.txt
0,2,f32,resident,deep,1,3,4,100,0.437669000,0.00499964412302,-0.644489556089,2,adaptive-confirm-deep-f32-resident-b1-s3-o3.txt
0,2,f32,resident,deep,1,4,0,100,0.433001000,0.00500037195161,0,2,adaptive-confirm-deep-f32-resident-b1-s4-o0.txt
0,2,f32,resident,deep,1,4,1,100,0.434976000,0.00500037195161,0,2,adaptive-confirm-deep-f32-resident-b1-s4-o0.txt
0,2,f32,resident,deep,1,4,2,100,0.435404000,0.00500037148595,0,2,adaptive-confirm-deep-f32-resident-b1-s4-o0.txt
0,2,f32,resident,deep,1,4,3,100,0.437349000,0.00500037148595,0,2,adaptive-confirm-deep-f32-resident-b1-s4-o0.txt
0,2,f32,resident,deep,1,4,4,100,0.437486000,0.00500037148595,-2.51912690023,2,adaptive-confirm-deep-f32-resident-b1-s4-o0.txt
2,2,f32,resident,deep,1,4,0,100,0.430404000,0.00500037195161,0,2,adaptive-confirm-deep-f32-resident-b1-s4-o1.txt
2,2,f32,resident,deep,1,4,1,100,0.433321000,0.00500037195161,0,2,adaptive-confirm-deep-f32-resident-b1-s4-o1.txt
2,2,f32,resident,deep,1,4,2,100,0.428946000,0.00500037148595,0,2,adaptive-confirm-deep-f32-resident-b1-s4-o1.txt
2,2,f32,resident,deep,1,4,3,100,0.427772000,0.00500037148595,0,2,adaptive-confirm-deep-f32-resident-b1-s4-o1.txt
2,2,f32,resident,deep,1,4,4,100,0.429160000,0.00500037148595,-2.51912690023,2,adaptive-confirm-deep-f32-resident-b1-s4-o1.txt
2,2,f32,resident,deep,1,4,0,100,0.435102000,0.00500037195161,0,2,adaptive-confirm-deep-f32-resident-b1-s4-o2.txt
2,2,f32,resident,deep,1,4,1,100,0.427207000,0.00500037195161,0,2,adaptive-confirm-deep-f32-resident-b1-s4-o2.txt
2,2,f32,resident,deep,1,4,2,100,0.432279000,0.00500037148595,0,2,adaptive-confirm-deep-f32-resident-b1-s4-o2.txt
2,2,f32,resident,deep,1,4,3,100,0.434868000,0.00500037148595,0,2,adaptive-confirm-deep-f32-resident-b1-s4-o2.txt
2,2,f32,resident,deep,1,4,4,100,0.428612000,0.00500037148595,-2.51912690023,2,adaptive-confirm-deep-f32-resident-b1-s4-o2.txt
0,2,f32,resident,deep,1,4,0,100,0.443567000,0.00500037195161,0,2,adaptive-confirm-deep-f32-resident-b1-s4-o3.txt
0,2,f32,resident,deep,1,4,1,100,0.450981000,0.00500037195161,0,2,adaptive-confirm-deep-f32-resident-b1-s4-o3.txt
0,2,f32,resident,deep,1,4,2,100,0.441075000,0.00500037148595,0,2,adaptive-confirm-deep-f32-resident-b1-s4-o3.txt
0,2,f32,resident,deep,1,4,3,100,0.436520000,0.00500037148595,0,2,adaptive-confirm-deep-f32-resident-b1-s4-o3.txt
0,2,f32,resident,deep,1,4,4,100,0.442896000,0.00500037148595,-2.51912690023,2,adaptive-confirm-deep-f32-resident-b1-s4-o3.txt
0,2,f32,resident,deep,1,5,0,100,0.440074000,0.0050010769628,0,2,adaptive-confirm-deep-f32-resident-b1-s5-o0.txt
0,2,f32,resident,deep,1,5,1,100,0.437140000,0.00500107742846,0,2,adaptive-confirm-deep-f32-resident-b1-s5-o0.txt
0,2,f32,resident,deep,1,5,2,100,0.441073000,0.00500107789412,0,2,adaptive-confirm-deep-f32-resident-b1-s5-o0.txt
0,2,f32,resident,deep,1,5,3,100,0.443913000,0.00500107789412,0,2,adaptive-confirm-deep-f32-resident-b1-s5-o0.txt
0,2,f32,resident,deep,1,5,4,100,0.434752000,0.00500107835978,-0.913064846199,2,adaptive-confirm-deep-f32-resident-b1-s5-o0.txt
2,2,f32,resident,deep,1,5,0,100,0.426648000,0.0050010769628,0,2,adaptive-confirm-deep-f32-resident-b1-s5-o1.txt
2,2,f32,resident,deep,1,5,1,100,0.425953000,0.00500107742846,0,2,adaptive-confirm-deep-f32-resident-b1-s5-o1.txt
2,2,f32,resident,deep,1,5,2,100,0.426275000,0.00500107789412,0,2,adaptive-confirm-deep-f32-resident-b1-s5-o1.txt
2,2,f32,resident,deep,1,5,3,100,0.428014000,0.00500107789412,0,2,adaptive-confirm-deep-f32-resident-b1-s5-o1.txt
2,2,f32,resident,deep,1,5,4,100,0.428372000,0.00500107835978,-0.913064846199,2,adaptive-confirm-deep-f32-resident-b1-s5-o1.txt
2,2,f32,resident,deep,1,5,0,100,0.428377000,0.0050010769628,0,2,adaptive-confirm-deep-f32-resident-b1-s5-o2.txt
2,2,f32,resident,deep,1,5,1,100,0.426905000,0.00500107742846,0,2,adaptive-confirm-deep-f32-resident-b1-s5-o2.txt
2,2,f32,resident,deep,1,5,2,100,0.427559000,0.00500107789412,0,2,adaptive-confirm-deep-f32-resident-b1-s5-o2.txt
2,2,f32,resident,deep,1,5,3,100,0.428847000,0.00500107789412,0,2,adaptive-confirm-deep-f32-resident-b1-s5-o2.txt
2,2,f32,resident,deep,1,5,4,100,0.431022000,0.00500107835978,-0.913064846199,2,adaptive-confirm-deep-f32-resident-b1-s5-o2.txt
0,2,f32,resident,deep,1,5,0,100,0.435103000,0.0050010769628,0,2,adaptive-confirm-deep-f32-resident-b1-s5-o3.txt
0,2,f32,resident,deep,1,5,1,100,0.437267000,0.00500107742846,0,2,adaptive-confirm-deep-f32-resident-b1-s5-o3.txt
0,2,f32,resident,deep,1,5,2,100,0.437570000,0.00500107789412,0,2,adaptive-confirm-deep-f32-resident-b1-s5-o3.txt
0,2,f32,resident,deep,1,5,3,100,0.438944000,0.00500107789412,0,2,adaptive-confirm-deep-f32-resident-b1-s5-o3.txt
0,2,f32,resident,deep,1,5,4,100,0.436638000,0.00500107835978,-0.913064846199,2,adaptive-confirm-deep-f32-resident-b1-s5-o3.txt
0,2,tf32,host,deep,0,3,0,100,0.474850000,0.00500051630661,0,2,adaptive-confirm-deep-tf32-host-b0-s3-o0.txt
0,2,tf32,host,deep,0,3,1,100,0.464958000,0.00500051770359,0,2,adaptive-confirm-deep-tf32-host-b0-s3-o0.txt
0,2,tf32,host,deep,0,3,2,100,0.470510000,0.00500051863492,0,2,adaptive-confirm-deep-tf32-host-b0-s3-o0.txt
0,2,tf32,host,deep,0,3,3,100,0.473206000,0.00500051723793,0,2,adaptive-confirm-deep-tf32-host-b0-s3-o0.txt
0,2,tf32,host,deep,0,3,4,100,0.470225000,0.00500051537529,-0.714890575833,2,adaptive-confirm-deep-tf32-host-b0-s3-o0.txt
2,2,tf32,host,deep,0,3,0,100,0.483224000,0.00500051630661,0,2,adaptive-confirm-deep-tf32-host-b0-s3-o1.txt
2,2,tf32,host,deep,0,3,1,100,0.475733000,0.00500051816925,0,2,adaptive-confirm-deep-tf32-host-b0-s3-o1.txt
2,2,tf32,host,deep,0,3,2,100,0.468054000,0.00500051770359,0,2,adaptive-confirm-deep-tf32-host-b0-s3-o1.txt
2,2,tf32,host,deep,0,3,3,100,0.474874000,0.00500051630661,0,2,adaptive-confirm-deep-tf32-host-b0-s3-o1.txt
2,2,tf32,host,deep,0,3,4,100,0.469915000,0.00500051537529,-0.71489014216,2,adaptive-confirm-deep-tf32-host-b0-s3-o1.txt
2,2,tf32,host,deep,0,3,0,100,0.483919000,0.00500051630661,0,2,adaptive-confirm-deep-tf32-host-b0-s3-o2.txt
2,2,tf32,host,deep,0,3,1,100,0.472211000,0.00500051816925,0,2,adaptive-confirm-deep-tf32-host-b0-s3-o2.txt
2,2,tf32,host,deep,0,3,2,100,0.480375000,0.00500051770359,0,2,adaptive-confirm-deep-tf32-host-b0-s3-o2.txt
2,2,tf32,host,deep,0,3,3,100,0.479240000,0.00500051630661,0,2,adaptive-confirm-deep-tf32-host-b0-s3-o2.txt
2,2,tf32,host,deep,0,3,4,100,0.470597000,0.00500051537529,-0.71489014216,2,adaptive-confirm-deep-tf32-host-b0-s3-o2.txt
0,2,tf32,host,deep,0,3,0,100,0.465372000,0.00500051630661,0,2,adaptive-confirm-deep-tf32-host-b0-s3-o3.txt
0,2,tf32,host,deep,0,3,1,100,0.464786000,0.00500051770359,0,2,adaptive-confirm-deep-tf32-host-b0-s3-o3.txt
0,2,tf32,host,deep,0,3,2,100,0.465528000,0.00500051863492,0,2,adaptive-confirm-deep-tf32-host-b0-s3-o3.txt
0,2,tf32,host,deep,0,3,3,100,0.474700000,0.00500051723793,0,2,adaptive-confirm-deep-tf32-host-b0-s3-o3.txt
0,2,tf32,host,deep,0,3,4,100,0.478230000,0.00500051537529,-0.714890575833,2,adaptive-confirm-deep-tf32-host-b0-s3-o3.txt
0,2,tf32,host,deep,0,4,0,100,0.477782000,0.00500066718087,0,2,adaptive-confirm-deep-tf32-host-b0-s4-o0.txt
0,2,tf32,host,deep,0,4,1,100,0.475764000,0.00500066252425,0,2,adaptive-confirm-deep-tf32-host-b0-s4-o0.txt
0,2,tf32,host,deep,0,4,2,100,0.467193000,0.00500066811219,0,2,adaptive-confirm-deep-tf32-host-b0-s4-o0.txt
0,2,tf32,host,deep,0,4,3,100,0.477285000,0.00500066718087,0,2,adaptive-confirm-deep-tf32-host-b0-s4-o0.txt
0,2,tf32,host,deep,0,4,4,100,0.471099000,0.00500066531822,-2.58162444037,2,adaptive-confirm-deep-tf32-host-b0-s4-o0.txt
2,2,tf32,host,deep,0,4,0,100,0.484185000,0.00500066531822,0,2,adaptive-confirm-deep-tf32-host-b0-s4-o1.txt
2,2,tf32,host,deep,0,4,1,100,0.477728000,0.00500066112727,0,2,adaptive-confirm-deep-tf32-host-b0-s4-o1.txt
2,2,tf32,host,deep,0,4,2,100,0.474325000,0.00500066857785,0,2,adaptive-confirm-deep-tf32-host-b0-s4-o1.txt
2,2,tf32,host,deep,0,4,3,100,0.471153000,0.00500066857785,0,2,adaptive-confirm-deep-tf32-host-b0-s4-o1.txt
2,2,tf32,host,deep,0,4,4,100,0.492912000,0.00500066578388,-2.58162436682,2,adaptive-confirm-deep-tf32-host-b0-s4-o1.txt
2,2,tf32,host,deep,0,4,0,100,0.483888000,0.00500066531822,0,2,adaptive-confirm-deep-tf32-host-b0-s4-o2.txt
2,2,tf32,host,deep,0,4,1,100,0.479050000,0.00500066112727,0,2,adaptive-confirm-deep-tf32-host-b0-s4-o2.txt
2,2,tf32,host,deep,0,4,2,100,0.474895000,0.00500066857785,0,2,adaptive-confirm-deep-tf32-host-b0-s4-o2.txt
2,2,tf32,host,deep,0,4,3,100,0.481878000,0.00500066857785,0,2,adaptive-confirm-deep-tf32-host-b0-s4-o2.txt
2,2,tf32,host,deep,0,4,4,100,0.476893000,0.00500066578388,-2.58162436682,2,adaptive-confirm-deep-tf32-host-b0-s4-o2.txt
0,2,tf32,host,deep,0,4,0,100,0.462597000,0.00500066718087,0,2,adaptive-confirm-deep-tf32-host-b0-s4-o3.txt
0,2,tf32,host,deep,0,4,1,100,0.483750000,0.00500066252425,0,2,adaptive-confirm-deep-tf32-host-b0-s4-o3.txt
0,2,tf32,host,deep,0,4,2,100,0.478727000,0.00500066811219,0,2,adaptive-confirm-deep-tf32-host-b0-s4-o3.txt
0,2,tf32,host,deep,0,4,3,100,0.467322000,0.00500066718087,0,2,adaptive-confirm-deep-tf32-host-b0-s4-o3.txt
0,2,tf32,host,deep,0,4,4,100,0.477275000,0.00500066531822,-2.58162444037,2,adaptive-confirm-deep-tf32-host-b0-s4-o3.txt
0,2,tf32,host,deep,0,5,0,100,0.465713000,0.0050007509999,0,2,adaptive-confirm-deep-tf32-host-b0-s5-o0.txt
0,2,tf32,host,deep,0,5,1,100,0.467873000,0.00500075006858,0,2,adaptive-confirm-deep-tf32-host-b0-s5-o0.txt
0,2,tf32,host,deep,0,5,2,100,0.469284000,0.00500075472519,0,2,adaptive-confirm-deep-tf32-host-b0-s5-o0.txt
0,2,tf32,host,deep,0,5,3,100,0.474164000,0.00500075379387,0,2,adaptive-confirm-deep-tf32-host-b0-s5-o0.txt
0,2,tf32,host,deep,0,5,4,100,0.475417000,0.0050007533282,-0.966728193047,2,adaptive-confirm-deep-tf32-host-b0-s5-o0.txt
2,2,tf32,host,deep,0,5,0,100,0.489007000,0.00500075006858,0,2,adaptive-confirm-deep-tf32-host-b0-s5-o1.txt
2,2,tf32,host,deep,0,5,1,100,0.485755000,0.0050007509999,0,2,adaptive-confirm-deep-tf32-host-b0-s5-o1.txt
2,2,tf32,host,deep,0,5,2,100,0.475150000,0.00500075658783,0,2,adaptive-confirm-deep-tf32-host-b0-s5-o1.txt
2,2,tf32,host,deep,0,5,3,100,0.474192000,0.00500075472519,0,2,adaptive-confirm-deep-tf32-host-b0-s5-o1.txt
2,2,tf32,host,deep,0,5,4,100,0.476273000,0.0050007533282,-0.966727395403,2,adaptive-confirm-deep-tf32-host-b0-s5-o1.txt
2,2,tf32,host,deep,0,5,0,100,0.475345000,0.00500075006858,0,2,adaptive-confirm-deep-tf32-host-b0-s5-o2.txt
2,2,tf32,host,deep,0,5,1,100,0.469630000,0.0050007509999,0,2,adaptive-confirm-deep-tf32-host-b0-s5-o2.txt
2,2,tf32,host,deep,0,5,2,100,0.471129000,0.00500075658783,0,2,adaptive-confirm-deep-tf32-host-b0-s5-o2.txt
2,2,tf32,host,deep,0,5,3,100,0.478543000,0.00500075472519,0,2,adaptive-confirm-deep-tf32-host-b0-s5-o2.txt
2,2,tf32,host,deep,0,5,4,100,0.473368000,0.0050007533282,-0.966727395403,2,adaptive-confirm-deep-tf32-host-b0-s5-o2.txt
0,2,tf32,host,deep,0,5,0,100,0.465909000,0.0050007509999,0,2,adaptive-confirm-deep-tf32-host-b0-s5-o3.txt
0,2,tf32,host,deep,0,5,1,100,0.467054000,0.00500075006858,0,2,adaptive-confirm-deep-tf32-host-b0-s5-o3.txt
0,2,tf32,host,deep,0,5,2,100,0.480200000,0.00500075472519,0,2,adaptive-confirm-deep-tf32-host-b0-s5-o3.txt
0,2,tf32,host,deep,0,5,3,100,0.480743000,0.00500075379387,0,2,adaptive-confirm-deep-tf32-host-b0-s5-o3.txt
0,2,tf32,host,deep,0,5,4,100,0.480727000,0.0050007533282,-0.966728193047,2,adaptive-confirm-deep-tf32-host-b0-s5-o3.txt
0,2,tf32,host,deep,1,3,0,100,0.590894000,0.00500052142888,0,2,adaptive-confirm-deep-tf32-host-b1-s3-o0.txt
0,2,tf32,host,deep,1,3,1,100,0.588533000,0.00500051816925,0,2,adaptive-confirm-deep-tf32-host-b1-s3-o0.txt
0,2,tf32,host,deep,1,3,2,100,0.591462000,0.0050005200319,0,2,adaptive-confirm-deep-tf32-host-b1-s3-o0.txt
0,2,tf32,host,deep,1,3,3,100,0.589162000,0.00500051956624,0,2,adaptive-confirm-deep-tf32-host-b1-s3-o0.txt
0,2,tf32,host,deep,1,3,4,100,0.588720000,0.0050005200319,-0.644499880395,2,adaptive-confirm-deep-tf32-host-b1-s3-o0.txt
2,2,tf32,host,deep,1,3,0,100,0.594825000,0.0050005200319,0,2,adaptive-confirm-deep-tf32-host-b1-s3-o1.txt
2,2,tf32,host,deep,1,3,1,100,0.592730000,0.00500051910058,0,2,adaptive-confirm-deep-tf32-host-b1-s3-o1.txt
2,2,tf32,host,deep,1,3,2,100,0.598194000,0.00500052096322,0,2,adaptive-confirm-deep-tf32-host-b1-s3-o1.txt
2,2,tf32,host,deep,1,3,3,100,0.602705000,0.0050005200319,0,2,adaptive-confirm-deep-tf32-host-b1-s3-o1.txt
2,2,tf32,host,deep,1,3,4,100,0.594924000,0.0050005200319,-0.644499622242,2,adaptive-confirm-deep-tf32-host-b1-s3-o1.txt
2,2,tf32,host,deep,1,3,0,100,0.591883000,0.0050005200319,0,2,adaptive-confirm-deep-tf32-host-b1-s3-o2.txt
2,2,tf32,host,deep,1,3,1,100,0.601273000,0.00500051910058,0,2,adaptive-confirm-deep-tf32-host-b1-s3-o2.txt
2,2,tf32,host,deep,1,3,2,100,0.590901000,0.00500052096322,0,2,adaptive-confirm-deep-tf32-host-b1-s3-o2.txt
2,2,tf32,host,deep,1,3,3,100,0.599701000,0.0050005200319,0,2,adaptive-confirm-deep-tf32-host-b1-s3-o2.txt
2,2,tf32,host,deep,1,3,4,100,0.599927000,0.0050005200319,-0.644499622242,2,adaptive-confirm-deep-tf32-host-b1-s3-o2.txt
0,2,tf32,host,deep,1,3,0,100,0.586975000,0.00500052142888,0,2,adaptive-confirm-deep-tf32-host-b1-s3-o3.txt
0,2,tf32,host,deep,1,3,1,100,0.595234000,0.00500051816925,0,2,adaptive-confirm-deep-tf32-host-b1-s3-o3.txt
0,2,tf32,host,deep,1,3,2,100,0.585332000,0.0050005200319,0,2,adaptive-confirm-deep-tf32-host-b1-s3-o3.txt
0,2,tf32,host,deep,1,3,3,100,0.597248000,0.00500051956624,0,2,adaptive-confirm-deep-tf32-host-b1-s3-o3.txt
0,2,tf32,host,deep,1,3,4,100,0.595657000,0.0050005200319,-0.644499880395,2,adaptive-confirm-deep-tf32-host-b1-s3-o3.txt
0,2,tf32,host,deep,1,4,0,100,0.601802000,0.00500066019595,0,2,adaptive-confirm-deep-tf32-host-b1-s4-o0.txt
0,2,tf32,host,deep,1,4,1,100,0.589170000,0.00500066112727,0,2,adaptive-confirm-deep-tf32-host-b1-s4-o0.txt
0,2,tf32,host,deep,1,4,2,100,0.594767000,0.00500066066161,0,2,adaptive-confirm-deep-tf32-host-b1-s4-o0.txt
0,2,tf32,host,deep,1,4,3,100,0.593237000,0.00500066159293,0,2,adaptive-confirm-deep-tf32-host-b1-s4-o0.txt
0,2,tf32,host,deep,1,4,4,100,0.586800000,0.00500065740198,-2.5191739055,2,adaptive-confirm-deep-tf32-host-b1-s4-o0.txt
2,2,tf32,host,deep,1,4,0,100,0.598471000,0.00500066159293,0,2,adaptive-confirm-deep-tf32-host-b1-s4-o1.txt
2,2,tf32,host,deep,1,4,1,100,0.596264000,0.00500066252425,0,2,adaptive-confirm-deep-tf32-host-b1-s4-o1.txt
2,2,tf32,host,deep,1,4,2,100,0.603193000,0.00500066066161,0,2,adaptive-confirm-deep-tf32-host-b1-s4-o1.txt
2,2,tf32,host,deep,1,4,3,100,0.600246000,0.00500066252425,0,2,adaptive-confirm-deep-tf32-host-b1-s4-o1.txt
2,2,tf32,host,deep,1,4,4,100,0.594425000,0.00500065786764,-2.51917495247,2,adaptive-confirm-deep-tf32-host-b1-s4-o1.txt
2,2,tf32,host,deep,1,4,0,100,0.604138000,0.00500066159293,0,2,adaptive-confirm-deep-tf32-host-b1-s4-o2.txt
2,2,tf32,host,deep,1,4,1,100,0.599480000,0.00500066252425,0,2,adaptive-confirm-deep-tf32-host-b1-s4-o2.txt
2,2,tf32,host,deep,1,4,2,100,0.595723000,0.00500066066161,0,2,adaptive-confirm-deep-tf32-host-b1-s4-o2.txt
2,2,tf32,host,deep,1,4,3,100,0.589993000,0.00500066252425,0,2,adaptive-confirm-deep-tf32-host-b1-s4-o2.txt
2,2,tf32,host,deep,1,4,4,100,0.603187000,0.00500065786764,-2.51917495247,2,adaptive-confirm-deep-tf32-host-b1-s4-o2.txt
0,2,tf32,host,deep,1,4,0,100,0.584668000,0.00500066019595,0,2,adaptive-confirm-deep-tf32-host-b1-s4-o3.txt
0,2,tf32,host,deep,1,4,1,100,0.592315000,0.00500066112727,0,2,adaptive-confirm-deep-tf32-host-b1-s4-o3.txt
0,2,tf32,host,deep,1,4,2,100,0.593466000,0.00500066066161,0,2,adaptive-confirm-deep-tf32-host-b1-s4-o3.txt
0,2,tf32,host,deep,1,4,3,100,0.591485000,0.00500066159293,0,2,adaptive-confirm-deep-tf32-host-b1-s4-o3.txt
0,2,tf32,host,deep,1,4,4,100,0.596850000,0.00500065740198,-2.5191739055,2,adaptive-confirm-deep-tf32-host-b1-s4-o3.txt
0,2,tf32,host,deep,1,5,0,100,0.591580000,0.0050007533282,0,2,adaptive-confirm-deep-tf32-host-b1-s5-o0.txt
0,2,tf32,host,deep,1,5,1,100,0.587931000,0.00500075239688,0,2,adaptive-confirm-deep-tf32-host-b1-s5-o0.txt
0,2,tf32,host,deep,1,5,2,100,0.594322000,0.00500075658783,0,2,adaptive-confirm-deep-tf32-host-b1-s5-o0.txt
0,2,tf32,host,deep,1,5,3,100,0.587700000,0.00500075519085,0,2,adaptive-confirm-deep-tf32-host-b1-s5-o0.txt
0,2,tf32,host,deep,1,5,4,100,0.599288000,0.00500075798482,-0.913058040035,2,adaptive-confirm-deep-tf32-host-b1-s5-o0.txt
2,2,tf32,host,deep,1,5,0,100,0.600484000,0.0050007533282,0,2,adaptive-confirm-deep-tf32-host-b1-s5-o1.txt
2,2,tf32,host,deep,1,5,1,100,0.591837000,0.0050007533282,0,2,adaptive-confirm-deep-tf32-host-b1-s5-o1.txt
2,2,tf32,host,deep,1,5,2,100,0.599930000,0.00500075612217,0,2,adaptive-confirm-deep-tf32-host-b1-s5-o1.txt
2,2,tf32,host,deep,1,5,3,100,0.596562000,0.00500075425953,0,2,adaptive-confirm-deep-tf32-host-b1-s5-o1.txt
2,2,tf32,host,deep,1,5,4,100,0.591935000,0.00500075705349,-0.913058784325,2,adaptive-confirm-deep-tf32-host-b1-s5-o1.txt
2,2,tf32,host,deep,1,5,0,100,0.593782000,0.0050007533282,0,2,adaptive-confirm-deep-tf32-host-b1-s5-o2.txt
2,2,tf32,host,deep,1,5,1,100,0.602702000,0.0050007533282,0,2,adaptive-confirm-deep-tf32-host-b1-s5-o2.txt
2,2,tf32,host,deep,1,5,2,100,0.604023000,0.00500075612217,0,2,adaptive-confirm-deep-tf32-host-b1-s5-o2.txt
2,2,tf32,host,deep,1,5,3,100,0.595232000,0.00500075425953,0,2,adaptive-confirm-deep-tf32-host-b1-s5-o2.txt
2,2,tf32,host,deep,1,5,4,100,0.589482000,0.00500075705349,-0.913058784325,2,adaptive-confirm-deep-tf32-host-b1-s5-o2.txt
0,2,tf32,host,deep,1,5,0,100,0.596195000,0.0050007533282,0,2,adaptive-confirm-deep-tf32-host-b1-s5-o3.txt
0,2,tf32,host,deep,1,5,1,100,0.590325000,0.00500075239688,0,2,adaptive-confirm-deep-tf32-host-b1-s5-o3.txt
0,2,tf32,host,deep,1,5,2,100,0.595911000,0.00500075658783,0,2,adaptive-confirm-deep-tf32-host-b1-s5-o3.txt
0,2,tf32,host,deep,1,5,3,100,0.601791000,0.00500075519085,0,2,adaptive-confirm-deep-tf32-host-b1-s5-o3.txt
0,2,tf32,host,deep,1,5,4,100,0.596756000,0.00500075798482,-0.913058040035,2,adaptive-confirm-deep-tf32-host-b1-s5-o3.txt
0,2,tf32,resident,deep,0,3,0,100,0.267438000,0.00499964877963,0,2,adaptive-confirm-deep-tf32-resident-b0-s3-o0.txt
0,2,tf32,resident,deep,0,3,1,100,0.268608000,0.00499964691699,0,2,adaptive-confirm-deep-tf32-resident-b0-s3-o0.txt
0,2,tf32,resident,deep,0,3,2,100,0.263992000,0.00499964691699,0,2,adaptive-confirm-deep-tf32-resident-b0-s3-o0.txt
0,2,tf32,resident,deep,0,3,3,100,0.263271000,0.00499964831397,0,2,adaptive-confirm-deep-tf32-resident-b0-s3-o0.txt
0,2,tf32,resident,deep,0,3,4,100,0.262970000,0.00499965017661,-0.714867890969,2,adaptive-confirm-deep-tf32-resident-b0-s3-o0.txt
2,2,tf32,resident,deep,0,3,0,100,0.273925000,0.00499964831397,0,2,adaptive-confirm-deep-tf32-resident-b0-s3-o1.txt
2,2,tf32,resident,deep,0,3,1,100,0.270525000,0.00499964645132,0,2,adaptive-confirm-deep-tf32-resident-b0-s3-o1.txt
2,2,tf32,resident,deep,0,3,2,100,0.274614000,0.00499964784831,0,2,adaptive-confirm-deep-tf32-resident-b0-s3-o1.txt
2,2,tf32,resident,deep,0,3,3,100,0.277907000,0.00499964691699,0,2,adaptive-confirm-deep-tf32-resident-b0-s3-o1.txt
2,2,tf32,resident,deep,0,3,4,100,0.275518000,0.00499964877963,-0.714867585989,2,adaptive-confirm-deep-tf32-resident-b0-s3-o1.txt
2,2,tf32,resident,deep,0,3,0,100,0.270583000,0.00499964831397,0,2,adaptive-confirm-deep-tf32-resident-b0-s3-o2.txt
2,2,tf32,resident,deep,0,3,1,100,0.272209000,0.00499964645132,0,2,adaptive-confirm-deep-tf32-resident-b0-s3-o2.txt
2,2,tf32,resident,deep,0,3,2,100,0.271971000,0.00499964784831,0,2,adaptive-confirm-deep-tf32-resident-b0-s3-o2.txt
2,2,tf32,resident,deep,0,3,3,100,0.271985000,0.00499964691699,0,2,adaptive-confirm-deep-tf32-resident-b0-s3-o2.txt
2,2,tf32,resident,deep,0,3,4,100,0.279981000,0.00499964877963,-0.714867585989,2,adaptive-confirm-deep-tf32-resident-b0-s3-o2.txt
0,2,tf32,resident,deep,0,3,0,100,0.268773000,0.00499964877963,0,2,adaptive-confirm-deep-tf32-resident-b0-s3-o3.txt
0,2,tf32,resident,deep,0,3,1,100,0.268762000,0.00499964691699,0,2,adaptive-confirm-deep-tf32-resident-b0-s3-o3.txt
0,2,tf32,resident,deep,0,3,2,100,0.270319000,0.00499964691699,0,2,adaptive-confirm-deep-tf32-resident-b0-s3-o3.txt
0,2,tf32,resident,deep,0,3,3,100,0.262647000,0.00499964831397,0,2,adaptive-confirm-deep-tf32-resident-b0-s3-o3.txt
0,2,tf32,resident,deep,0,3,4,100,0.280004000,0.00499965017661,-0.714867890969,2,adaptive-confirm-deep-tf32-resident-b0-s3-o3.txt
0,2,tf32,resident,deep,0,4,0,100,0.288006000,0.00500037474558,0,2,adaptive-confirm-deep-tf32-resident-b0-s4-o0.txt
0,2,tf32,resident,deep,0,4,1,100,0.290834000,0.00500037008896,0,2,adaptive-confirm-deep-tf32-resident-b0-s4-o0.txt
0,2,tf32,resident,deep,0,4,2,100,0.291491000,0.00500037148595,0,2,adaptive-confirm-deep-tf32-resident-b0-s4-o0.txt
0,2,tf32,resident,deep,0,4,3,100,0.291260000,0.00500037241727,0,2,adaptive-confirm-deep-tf32-resident-b0-s4-o0.txt
0,2,tf32,resident,deep,0,4,4,100,0.293372000,0.00500037614256,-2.58155160121,2,adaptive-confirm-deep-tf32-resident-b0-s4-o0.txt
2,2,tf32,resident,deep,0,4,0,100,0.305249000,0.00500037521124,0,2,adaptive-confirm-deep-tf32-resident-b0-s4-o1.txt
2,2,tf32,resident,deep,0,4,1,100,0.297121000,0.0050003696233,0,2,adaptive-confirm-deep-tf32-resident-b0-s4-o1.txt
2,2,tf32,resident,deep,0,4,2,100,0.305758000,0.00500037241727,0,2,adaptive-confirm-deep-tf32-resident-b0-s4-o1.txt
2,2,tf32,resident,deep,0,4,3,100,0.297531000,0.00500037241727,0,2,adaptive-confirm-deep-tf32-resident-b0-s4-o1.txt
2,2,tf32,resident,deep,0,4,4,100,0.298173000,0.00500037614256,-2.58155130063,2,adaptive-confirm-deep-tf32-resident-b0-s4-o1.txt
2,2,tf32,resident,deep,0,4,0,100,0.285869000,0.00500037521124,0,2,adaptive-confirm-deep-tf32-resident-b0-s4-o2.txt
2,2,tf32,resident,deep,0,4,1,100,0.294834000,0.0050003696233,0,2,adaptive-confirm-deep-tf32-resident-b0-s4-o2.txt
2,2,tf32,resident,deep,0,4,2,100,0.292855000,0.00500037241727,0,2,adaptive-confirm-deep-tf32-resident-b0-s4-o2.txt
2,2,tf32,resident,deep,0,4,3,100,0.298676000,0.00500037241727,0,2,adaptive-confirm-deep-tf32-resident-b0-s4-o2.txt
2,2,tf32,resident,deep,0,4,4,100,0.287804000,0.00500037614256,-2.58155130063,2,adaptive-confirm-deep-tf32-resident-b0-s4-o2.txt
0,2,tf32,resident,deep,0,4,0,100,0.262722000,0.00500037474558,0,2,adaptive-confirm-deep-tf32-resident-b0-s4-o3.txt
0,2,tf32,resident,deep,0,4,1,100,0.264234000,0.00500037008896,0,2,adaptive-confirm-deep-tf32-resident-b0-s4-o3.txt
0,2,tf32,resident,deep,0,4,2,100,0.264543000,0.00500037148595,0,2,adaptive-confirm-deep-tf32-resident-b0-s4-o3.txt
0,2,tf32,resident,deep,0,4,3,100,0.263746000,0.00500037241727,0,2,adaptive-confirm-deep-tf32-resident-b0-s4-o3.txt
0,2,tf32,resident,deep,0,4,4,100,0.270446000,0.00500037614256,-2.58155160121,2,adaptive-confirm-deep-tf32-resident-b0-s4-o3.txt
0,2,tf32,resident,deep,0,5,0,100,0.263851000,0.00500107789412,0,2,adaptive-confirm-deep-tf32-resident-b0-s5-o0.txt
0,2,tf32,resident,deep,0,5,1,100,0.271984000,0.00500107835978,0,2,adaptive-confirm-deep-tf32-resident-b0-s5-o0.txt
0,2,tf32,resident,deep,0,5,2,100,0.279912000,0.00500107882544,0,2,adaptive-confirm-deep-tf32-resident-b0-s5-o0.txt
0,2,tf32,resident,deep,0,5,3,100,0.274119000,0.0050010769628,0,2,adaptive-confirm-deep-tf32-resident-b0-s5-o0.txt
0,2,tf32,resident,deep,0,5,4,100,0.269536000,0.00500108068809,-0.966680146533,2,adaptive-confirm-deep-tf32-resident-b0-s5-o0.txt
2,2,tf32,resident,deep,0,5,0,100,0.271044000,0.00500107835978,0,2,adaptive-confirm-deep-tf32-resident-b0-s5-o1.txt
2,2,tf32,resident,deep,0,5,1,100,0.273269000,0.00500107835978,0,2,adaptive-confirm-deep-tf32-resident-b0-s5-o1.txt
2,2,tf32,resident,deep,0,5,2,100,0.271743000,0.00500107835978,0,2,adaptive-confirm-deep-tf32-resident-b0-s5-o1.txt
2,2,tf32,resident,deep,0,5,3,100,0.271473000,0.00500107789412,0,2,adaptive-confirm-deep-tf32-resident-b0-s5-o1.txt
2,2,tf32,resident,deep,0,5,4,100,0.271356000,0.00500108255073,-0.966679880721,2,adaptive-confirm-deep-tf32-resident-b0-s5-o1.txt
2,2,tf32,resident,deep,0,5,0,100,0.271182000,0.00500107835978,0,2,adaptive-confirm-deep-tf32-resident-b0-s5-o2.txt
2,2,tf32,resident,deep,0,5,1,100,0.271393000,0.00500107835978,0,2,adaptive-confirm-deep-tf32-resident-b0-s5-o2.txt
2,2,tf32,resident,deep,0,5,2,100,0.270831000,0.00500107835978,0,2,adaptive-confirm-deep-tf32-resident-b0-s5-o2.txt
2,2,tf32,resident,deep,0,5,3,100,0.276313000,0.00500107789412,0,2,adaptive-confirm-deep-tf32-resident-b0-s5-o2.txt
2,2,tf32,resident,deep,0,5,4,100,0.280641000,0.00500108255073,-0.966679880721,2,adaptive-confirm-deep-tf32-resident-b0-s5-o2.txt
0,2,tf32,resident,deep,0,5,0,100,0.265823000,0.00500107789412,0,2,adaptive-confirm-deep-tf32-resident-b0-s5-o3.txt
0,2,tf32,resident,deep,0,5,1,100,0.264855000,0.00500107835978,0,2,adaptive-confirm-deep-tf32-resident-b0-s5-o3.txt
0,2,tf32,resident,deep,0,5,2,100,0.264553000,0.00500107882544,0,2,adaptive-confirm-deep-tf32-resident-b0-s5-o3.txt
0,2,tf32,resident,deep,0,5,3,100,0.266358000,0.0050010769628,0,2,adaptive-confirm-deep-tf32-resident-b0-s5-o3.txt
0,2,tf32,resident,deep,0,5,4,100,0.264360000,0.00500108068809,-0.966680146533,2,adaptive-confirm-deep-tf32-resident-b0-s5-o3.txt
0,2,tf32,resident,deep,1,3,0,100,0.395866000,0.0049996431917,0,2,adaptive-confirm-deep-tf32-resident-b1-s3-o0.txt
0,2,tf32,resident,deep,1,3,1,100,0.387587000,0.00499964458868,0,2,adaptive-confirm-deep-tf32-resident-b1-s3-o0.txt
0,2,tf32,resident,deep,1,3,2,100,0.400446000,0.00499964552,0,2,adaptive-confirm-deep-tf32-resident-b1-s3-o0.txt
0,2,tf32,resident,deep,1,3,3,100,0.394141000,0.00499964598566,0,2,adaptive-confirm-deep-tf32-resident-b1-s3-o0.txt
0,2,tf32,resident,deep,1,3,4,100,0.392702000,0.00499964132905,-0.644472363435,2,adaptive-confirm-deep-tf32-resident-b1-s3-o0.txt
2,2,tf32,resident,deep,1,3,0,100,0.392482000,0.00499964365736,0,2,adaptive-confirm-deep-tf32-resident-b1-s3-o1.txt
2,2,tf32,resident,deep,1,3,1,100,0.392603000,0.00499964412302,0,2,adaptive-confirm-deep-tf32-resident-b1-s3-o1.txt
2,2,tf32,resident,deep,1,3,2,100,0.396040000,0.00499964598566,0,2,adaptive-confirm-deep-tf32-resident-b1-s3-o1.txt
2,2,tf32,resident,deep,1,3,3,100,0.393313000,0.00499964691699,0,2,adaptive-confirm-deep-tf32-resident-b1-s3-o1.txt
2,2,tf32,resident,deep,1,3,4,100,0.394233000,0.00499964412302,-0.644473061764,2,adaptive-confirm-deep-tf32-resident-b1-s3-o1.txt
2,2,tf32,resident,deep,1,3,0,100,0.393557000,0.00499964365736,0,2,adaptive-confirm-deep-tf32-resident-b1-s3-o2.txt
2,2,tf32,resident,deep,1,3,1,100,0.396580000,0.00499964412302,0,2,adaptive-confirm-deep-tf32-resident-b1-s3-o2.txt
2,2,tf32,resident,deep,1,3,2,100,0.394154000,0.00499964598566,0,2,adaptive-confirm-deep-tf32-resident-b1-s3-o2.txt
2,2,tf32,resident,deep,1,3,3,100,0.392981000,0.00499964691699,0,2,adaptive-confirm-deep-tf32-resident-b1-s3-o2.txt
2,2,tf32,resident,deep,1,3,4,100,0.393462000,0.00499964412302,-0.644473061764,2,adaptive-confirm-deep-tf32-resident-b1-s3-o2.txt
0,2,tf32,resident,deep,1,3,0,100,0.389788000,0.0049996431917,0,2,adaptive-confirm-deep-tf32-resident-b1-s3-o3.txt
0,2,tf32,resident,deep,1,3,1,100,0.388787000,0.00499964458868,0,2,adaptive-confirm-deep-tf32-resident-b1-s3-o3.txt
0,2,tf32,resident,deep,1,3,2,100,0.387106000,0.00499964552,0,2,adaptive-confirm-deep-tf32-resident-b1-s3-o3.txt
0,2,tf32,resident,deep,1,3,3,100,0.386679000,0.00499964598566,0,2,adaptive-confirm-deep-tf32-resident-b1-s3-o3.txt
0,2,tf32,resident,deep,1,3,4,100,0.394002000,0.00499964132905,-0.644472363435,2,adaptive-confirm-deep-tf32-resident-b1-s3-o3.txt
0,2,tf32,resident,deep,1,4,0,100,0.388239000,0.005000367295,0,2,adaptive-confirm-deep-tf32-resident-b1-s4-o0.txt
0,2,tf32,resident,deep,1,4,1,100,0.394979000,0.00500037148595,0,2,adaptive-confirm-deep-tf32-resident-b1-s4-o0.txt
0,2,tf32,resident,deep,1,4,2,100,0.398174000,0.00500037474558,0,2,adaptive-confirm-deep-tf32-resident-b1-s4-o0.txt
0,2,tf32,resident,deep,1,4,3,100,0.397544000,0.00500037614256,0,2,adaptive-confirm-deep-tf32-resident-b1-s4-o0.txt
0,2,tf32,resident,deep,1,4,4,100,0.396934000,0.00500037707388,-2.51913950224,2,adaptive-confirm-deep-tf32-resident-b1-s4-o0.txt
2,2,tf32,resident,deep,1,4,0,100,0.394221000,0.00500036822632,0,2,adaptive-confirm-deep-tf32-resident-b1-s4-o1.txt
2,2,tf32,resident,deep,1,4,1,100,0.394561000,0.00500037055463,0,2,adaptive-confirm-deep-tf32-resident-b1-s4-o1.txt
2,2,tf32,resident,deep,1,4,2,100,0.407334000,0.00500037334859,0,2,adaptive-confirm-deep-tf32-resident-b1-s4-o1.txt
2,2,tf32,resident,deep,1,4,3,100,0.395689000,0.00500037427992,0,2,adaptive-confirm-deep-tf32-resident-b1-s4-o1.txt
2,2,tf32,resident,deep,1,4,4,100,0.394996000,0.0050003756769,-2.51913958869,2,adaptive-confirm-deep-tf32-resident-b1-s4-o1.txt
2,2,tf32,resident,deep,1,4,0,100,0.407591000,0.00500036822632,0,2,adaptive-confirm-deep-tf32-resident-b1-s4-o2.txt
2,2,tf32,resident,deep,1,4,1,100,0.403296000,0.00500037055463,0,2,adaptive-confirm-deep-tf32-resident-b1-s4-o2.txt
2,2,tf32,resident,deep,1,4,2,100,0.393673000,0.00500037334859,0,2,adaptive-confirm-deep-tf32-resident-b1-s4-o2.txt
2,2,tf32,resident,deep,1,4,3,100,0.394776000,0.00500037427992,0,2,adaptive-confirm-deep-tf32-resident-b1-s4-o2.txt
2,2,tf32,resident,deep,1,4,4,100,0.393602000,0.0050003756769,-2.51913958869,2,adaptive-confirm-deep-tf32-resident-b1-s4-o2.txt
0,2,tf32,resident,deep,1,4,0,100,0.388161000,0.005000367295,0,2,adaptive-confirm-deep-tf32-resident-b1-s4-o3.txt
0,2,tf32,resident,deep,1,4,1,100,0.390126000,0.00500037148595,0,2,adaptive-confirm-deep-tf32-resident-b1-s4-o3.txt
0,2,tf32,resident,deep,1,4,2,100,0.387381000,0.00500037474558,0,2,adaptive-confirm-deep-tf32-resident-b1-s4-o3.txt
0,2,tf32,resident,deep,1,4,3,100,0.388255000,0.00500037614256,0,2,adaptive-confirm-deep-tf32-resident-b1-s4-o3.txt
0,2,tf32,resident,deep,1,4,4,100,0.387020000,0.00500037707388,-2.51913950224,2,adaptive-confirm-deep-tf32-resident-b1-s4-o3.txt
0,2,tf32,resident,deep,1,5,0,100,0.398004000,0.00500107463449,0,2,adaptive-confirm-deep-tf32-resident-b1-s5-o0.txt
0,2,tf32,resident,deep,1,5,1,100,0.387172000,0.00500107929111,0,2,adaptive-confirm-deep-tf32-resident-b1-s5-o0.txt
0,2,tf32,resident,deep,1,5,2,100,0.387286000,0.00500107649714,0,2,adaptive-confirm-deep-tf32-resident-b1-s5-o0.txt
0,2,tf32,resident,deep,1,5,3,100,0.394738000,0.00500107416883,0,2,adaptive-confirm-deep-tf32-resident-b1-s5-o0.txt
0,2,tf32,resident,deep,1,5,4,100,0.388374000,0.00500107277185,-0.913042286266,2,adaptive-confirm-deep-tf32-resident-b1-s5-o0.txt
2,2,tf32,resident,deep,1,5,0,100,0.404801000,0.00500107463449,0,2,adaptive-confirm-deep-tf32-resident-b1-s5-o1.txt
2,2,tf32,resident,deep,1,5,1,100,0.398332000,0.00500107835978,0,2,adaptive-confirm-deep-tf32-resident-b1-s5-o1.txt
2,2,tf32,resident,deep,1,5,2,100,0.395135000,0.00500107603148,0,2,adaptive-confirm-deep-tf32-resident-b1-s5-o1.txt
2,2,tf32,resident,deep,1,5,3,100,0.394476000,0.00500107510015,0,2,adaptive-confirm-deep-tf32-resident-b1-s5-o1.txt
2,2,tf32,resident,deep,1,5,4,100,0.398847000,0.00500107323751,-0.913041024056,2,adaptive-confirm-deep-tf32-resident-b1-s5-o1.txt
2,2,tf32,resident,deep,1,5,0,100,0.394897000,0.00500107463449,0,2,adaptive-confirm-deep-tf32-resident-b1-s5-o2.txt
2,2,tf32,resident,deep,1,5,1,100,0.393211000,0.00500107835978,0,2,adaptive-confirm-deep-tf32-resident-b1-s5-o2.txt
2,2,tf32,resident,deep,1,5,2,100,0.392800000,0.00500107603148,0,2,adaptive-confirm-deep-tf32-resident-b1-s5-o2.txt
2,2,tf32,resident,deep,1,5,3,100,0.393614000,0.00500107510015,0,2,adaptive-confirm-deep-tf32-resident-b1-s5-o2.txt
2,2,tf32,resident,deep,1,5,4,100,0.392182000,0.00500107323751,-0.913041024056,2,adaptive-confirm-deep-tf32-resident-b1-s5-o2.txt
0,2,tf32,resident,deep,1,5,0,100,0.387419000,0.00500107463449,0,2,adaptive-confirm-deep-tf32-resident-b1-s5-o3.txt
0,2,tf32,resident,deep,1,5,1,100,0.387850000,0.00500107929111,0,2,adaptive-confirm-deep-tf32-resident-b1-s5-o3.txt
0,2,tf32,resident,deep,1,5,2,100,0.393177000,0.00500107649714,0,2,adaptive-confirm-deep-tf32-resident-b1-s5-o3.txt
0,2,tf32,resident,deep,1,5,3,100,0.387684000,0.00500107416883,0,2,adaptive-confirm-deep-tf32-resident-b1-s5-o3.txt
0,2,tf32,resident,deep,1,5,4,100,0.386328000,0.00500107277185,-0.913042286266,2,adaptive-confirm-deep-tf32-resident-b1-s5-o3.txt
0,0,f32,host,irregular,0,3,0,400,0.178808000,0.00506235053763,0,2,adaptive-confirm-irregular-f32-host-b0-s3-o0.txt
0,0,f32,host,irregular,0,3,1,400,0.181933500,0.00502179842442,0,2,adaptive-confirm-irregular-f32-host-b0-s3-o0.txt
0,0,f32,host,irregular,0,3,2,400,0.180591000,0.00500055169687,0,2,adaptive-confirm-irregular-f32-host-b0-s3-o0.txt
0,0,f32,host,irregular,0,3,3,400,0.181540000,0.00498783728108,0,2,adaptive-confirm-irregular-f32-host-b0-s3-o0.txt
0,0,f32,host,irregular,0,3,4,400,0.182621000,0.00497960206121,-0.536249823233,2,adaptive-confirm-irregular-f32-host-b0-s3-o0.txt
2,0,f32,host,irregular,0,3,0,400,0.183358000,0.00506235053763,0,2,adaptive-confirm-irregular-f32-host-b0-s3-o1.txt
2,0,f32,host,irregular,0,3,1,400,0.191362000,0.00502179842442,0,2,adaptive-confirm-irregular-f32-host-b0-s3-o1.txt
2,0,f32,host,irregular,0,3,2,400,0.187381250,0.00500055169687,0,2,adaptive-confirm-irregular-f32-host-b0-s3-o1.txt
2,0,f32,host,irregular,0,3,3,400,0.183765250,0.00498783728108,0,2,adaptive-confirm-irregular-f32-host-b0-s3-o1.txt
2,0,f32,host,irregular,0,3,4,400,0.187108750,0.00497960206121,-0.536249823233,2,adaptive-confirm-irregular-f32-host-b0-s3-o1.txt
2,0,f32,host,irregular,0,3,0,400,0.185468000,0.00506235053763,0,2,adaptive-confirm-irregular-f32-host-b0-s3-o2.txt
2,0,f32,host,irregular,0,3,1,400,0.187970500,0.00502179842442,0,2,adaptive-confirm-irregular-f32-host-b0-s3-o2.txt
2,0,f32,host,irregular,0,3,2,400,0.186192500,0.00500055169687,0,2,adaptive-confirm-irregular-f32-host-b0-s3-o2.txt
2,0,f32,host,irregular,0,3,3,400,0.183541250,0.00498783728108,0,2,adaptive-confirm-irregular-f32-host-b0-s3-o2.txt
2,0,f32,host,irregular,0,3,4,400,0.184612250,0.00497960206121,-0.536249823233,2,adaptive-confirm-irregular-f32-host-b0-s3-o2.txt
0,0,f32,host,irregular,0,3,0,400,0.180299250,0.00506235053763,0,2,adaptive-confirm-irregular-f32-host-b0-s3-o3.txt
0,0,f32,host,irregular,0,3,1,400,0.188385500,0.00502179842442,0,2,adaptive-confirm-irregular-f32-host-b0-s3-o3.txt
0,0,f32,host,irregular,0,3,2,400,0.183663000,0.00500055169687,0,2,adaptive-confirm-irregular-f32-host-b0-s3-o3.txt
0,0,f32,host,irregular,0,3,3,400,0.180445250,0.00498783728108,0,2,adaptive-confirm-irregular-f32-host-b0-s3-o3.txt
0,0,f32,host,irregular,0,3,4,400,0.180144250,0.00497960206121,-0.536249823233,2,adaptive-confirm-irregular-f32-host-b0-s3-o3.txt
0,0,f32,host,irregular,0,4,0,400,0.187202000,0.0050563653931,0,2,adaptive-confirm-irregular-f32-host-b0-s4-o0.txt
0,0,f32,host,irregular,0,4,1,400,0.179885750,0.00501918327063,0,2,adaptive-confirm-irregular-f32-host-b0-s4-o0.txt
0,0,f32,host,irregular,0,4,2,400,0.180588750,0.0050001712516,0,2,adaptive-confirm-irregular-f32-host-b0-s4-o0.txt
0,0,f32,host,irregular,0,4,3,400,0.180281000,0.00498872483149,0,2,adaptive-confirm-irregular-f32-host-b0-s4-o0.txt
0,0,f32,host,irregular,0,4,4,400,0.188409000,0.00498110288754,-0.792070474615,2,adaptive-confirm-irregular-f32-host-b0-s4-o0.txt
2,0,f32,host,irregular,0,4,0,400,0.186535750,0.0050563653931,0,2,adaptive-confirm-irregular-f32-host-b0-s4-o1.txt
2,0,f32,host,irregular,0,4,1,400,0.183856750,0.00501918327063,0,2,adaptive-confirm-irregular-f32-host-b0-s4-o1.txt
2,0,f32,host,irregular,0,4,2,400,0.183983250,0.0050001712516,0,2,adaptive-confirm-irregular-f32-host-b0-s4-o1.txt
2,0,f32,host,irregular,0,4,3,400,0.189158750,0.00498872483149,0,2,adaptive-confirm-irregular-f32-host-b0-s4-o1.txt
2,0,f32,host,irregular,0,4,4,400,0.193595500,0.00498110288754,-0.792070474615,2,adaptive-confirm-irregular-f32-host-b0-s4-o1.txt
2,0,f32,host,irregular,0,4,0,400,0.185703000,0.0050563653931,0,2,adaptive-confirm-irregular-f32-host-b0-s4-o2.txt
2,0,f32,host,irregular,0,4,1,400,0.184996500,0.00501918327063,0,2,adaptive-confirm-irregular-f32-host-b0-s4-o2.txt
2,0,f32,host,irregular,0,4,2,400,0.184215750,0.0050001712516,0,2,adaptive-confirm-irregular-f32-host-b0-s4-o2.txt
2,0,f32,host,irregular,0,4,3,400,0.184411250,0.00498872483149,0,2,adaptive-confirm-irregular-f32-host-b0-s4-o2.txt
2,0,f32,host,irregular,0,4,4,400,0.183727750,0.00498110288754,-0.792070474615,2,adaptive-confirm-irregular-f32-host-b0-s4-o2.txt
0,0,f32,host,irregular,0,4,0,400,0.181560750,0.0050563653931,0,2,adaptive-confirm-irregular-f32-host-b0-s4-o3.txt
0,0,f32,host,irregular,0,4,1,400,0.181230750,0.00501918327063,0,2,adaptive-confirm-irregular-f32-host-b0-s4-o3.txt
0,0,f32,host,irregular,0,4,2,400,0.182354000,0.0050001712516,0,2,adaptive-confirm-irregular-f32-host-b0-s4-o3.txt
0,0,f32,host,irregular,0,4,3,400,0.183124750,0.00498872483149,0,2,adaptive-confirm-irregular-f32-host-b0-s4-o3.txt
0,0,f32,host,irregular,0,4,4,400,0.182202750,0.00498110288754,-0.792070474615,2,adaptive-confirm-irregular-f32-host-b0-s4-o3.txt
0,0,f32,host,irregular,0,5,0,400,0.179463000,0.00504612596706,0,2,adaptive-confirm-irregular-f32-host-b0-s5-o0.txt
0,0,f32,host,irregular,0,5,1,400,0.188270000,0.00501230964437,0,2,adaptive-confirm-irregular-f32-host-b0-s5-o0.txt
0,0,f32,host,irregular,0,5,2,400,0.185504500,0.00499428063631,0,2,adaptive-confirm-irregular-f32-host-b0-s5-o0.txt
0,0,f32,host,irregular,0,5,3,400,0.185267500,0.0049831927754,0,2,adaptive-confirm-irregular-f32-host-b0-s5-o0.txt
0,0,f32,host,irregular,0,5,4,400,0.185579500,0.00497576640919,0.845352369338,2,adaptive-confirm-irregular-f32-host-b0-s5-o0.txt
2,0,f32,host,irregular,0,5,0,400,0.187198250,0.00504612596706,0,2,adaptive-confirm-irregular-f32-host-b0-s5-o1.txt
2,0,f32,host,irregular,0,5,1,400,0.189074500,0.00501230964437,0,2,adaptive-confirm-irregular-f32-host-b0-s5-o1.txt
2,0,f32,host,irregular,0,5,2,400,0.188984750,0.00499428063631,0,2,adaptive-confirm-irregular-f32-host-b0-s5-o1.txt
2,0,f32,host,irregular,0,5,3,400,0.185024750,0.0049831927754,0,2,adaptive-confirm-irregular-f32-host-b0-s5-o1.txt
2,0,f32,host,irregular,0,5,4,400,0.189099250,0.00497576640919,0.845352369338,2,adaptive-confirm-irregular-f32-host-b0-s5-o1.txt
2,0,f32,host,irregular,0,5,0,400,0.184156500,0.00504612596706,0,2,adaptive-confirm-irregular-f32-host-b0-s5-o2.txt
2,0,f32,host,irregular,0,5,1,400,0.185931500,0.00501230964437,0,2,adaptive-confirm-irregular-f32-host-b0-s5-o2.txt
2,0,f32,host,irregular,0,5,2,400,0.193076000,0.00499428063631,0,2,adaptive-confirm-irregular-f32-host-b0-s5-o2.txt
2,0,f32,host,irregular,0,5,3,400,0.185700250,0.0049831927754,0,2,adaptive-confirm-irregular-f32-host-b0-s5-o2.txt
2,0,f32,host,irregular,0,5,4,400,0.185977750,0.00497576640919,0.845352369338,2,adaptive-confirm-irregular-f32-host-b0-s5-o2.txt
0,0,f32,host,irregular,0,5,0,400,0.181354750,0.00504612596706,0,2,adaptive-confirm-irregular-f32-host-b0-s5-o3.txt
0,0,f32,host,irregular,0,5,1,400,0.181371000,0.00501230964437,0,2,adaptive-confirm-irregular-f32-host-b0-s5-o3.txt
0,0,f32,host,irregular,0,5,2,400,0.181117750,0.00499428063631,0,2,adaptive-confirm-irregular-f32-host-b0-s5-o3.txt
0,0,f32,host,irregular,0,5,3,400,0.186205750,0.0049831927754,0,2,adaptive-confirm-irregular-f32-host-b0-s5-o3.txt
0,0,f32,host,irregular,0,5,4,400,0.184845250,0.00497576640919,0.845352369338,2,adaptive-confirm-irregular-f32-host-b0-s5-o3.txt
0,0,f32,host,irregular,1,3,0,400,0.209840250,0.00506440503523,0,2,adaptive-confirm-irregular-f32-host-b1-s3-o0.txt
0,0,f32,host,irregular,1,3,1,400,0.206176000,0.00502249132842,0,2,adaptive-confirm-irregular-f32-host-b1-s3-o0.txt
0,0,f32,host,irregular,1,3,2,400,0.202084500,0.00500068673864,0,2,adaptive-confirm-irregular-f32-host-b1-s3-o0.txt
0,0,f32,host,irregular,1,3,3,400,0.202049750,0.00498768035322,0,2,adaptive-confirm-irregular-f32-host-b1-s3-o0.txt
0,0,f32,host,irregular,1,3,4,400,0.201595250,0.00497928028926,-0.502933307554,2,adaptive-confirm-irregular-f32-host-b1-s3-o0.txt
2,0,f32,host,irregular,1,3,0,400,0.209313750,0.00506440503523,0,2,adaptive-confirm-irregular-f32-host-b1-s3-o1.txt
2,0,f32,host,irregular,1,3,1,400,0.211697750,0.00502249132842,0,2,adaptive-confirm-irregular-f32-host-b1-s3-o1.txt
2,0,f32,host,irregular,1,3,2,400,0.203340500,0.00500068673864,0,2,adaptive-confirm-irregular-f32-host-b1-s3-o1.txt
2,0,f32,host,irregular,1,3,3,400,0.211455750,0.00498768035322,0,2,adaptive-confirm-irregular-f32-host-b1-s3-o1.txt
2,0,f32,host,irregular,1,3,4,400,0.206603500,0.00497928028926,-0.502933307554,2,adaptive-confirm-irregular-f32-host-b1-s3-o1.txt
2,0,f32,host,irregular,1,3,0,400,0.203334500,0.00506440503523,0,2,adaptive-confirm-irregular-f32-host-b1-s3-o2.txt
2,0,f32,host,irregular,1,3,1,400,0.203044250,0.00502249132842,0,2,adaptive-confirm-irregular-f32-host-b1-s3-o2.txt
2,0,f32,host,irregular,1,3,2,400,0.202350250,0.00500068673864,0,2,adaptive-confirm-irregular-f32-host-b1-s3-o2.txt
2,0,f32,host,irregular,1,3,3,400,0.203663500,0.00498768035322,0,2,adaptive-confirm-irregular-f32-host-b1-s3-o2.txt
2,0,f32,host,irregular,1,3,4,400,0.203418500,0.00497928028926,-0.502933307554,2,adaptive-confirm-irregular-f32-host-b1-s3-o2.txt
0,0,f32,host,irregular,1,3,0,400,0.202908750,0.00506440503523,0,2,adaptive-confirm-irregular-f32-host-b1-s3-o3.txt
0,0,f32,host,irregular,1,3,1,400,0.199817750,0.00502249132842,0,2,adaptive-confirm-irregular-f32-host-b1-s3-o3.txt
0,0,f32,host,irregular,1,3,2,400,0.199248250,0.00500068673864,0,2,adaptive-confirm-irregular-f32-host-b1-s3-o3.txt
0,0,f32,host,irregular,1,3,3,400,0.200872500,0.00498768035322,0,2,adaptive-confirm-irregular-f32-host-b1-s3-o3.txt
0,0,f32,host,irregular,1,3,4,400,0.202109250,0.00497928028926,-0.502933307554,2,adaptive-confirm-irregular-f32-host-b1-s3-o3.txt
0,0,f32,host,irregular,1,4,0,400,0.210196000,0.00505775585771,0,2,adaptive-confirm-irregular-f32-host-b1-s4-o0.txt
0,0,f32,host,irregular,1,4,1,400,0.199044750,0.00501939281821,0,2,adaptive-confirm-irregular-f32-host-b1-s4-o0.txt
0,0,f32,host,irregular,1,4,2,400,0.201381000,0.00499996962026,0,2,adaptive-confirm-irregular-f32-host-b1-s4-o0.txt
0,0,f32,host,irregular,1,4,3,400,0.204051000,0.00498832250014,0,2,adaptive-confirm-irregular-f32-host-b1-s4-o0.txt
0,0,f32,host,irregular,1,4,4,400,0.203835000,0.0049805957824,-0.733289009397,2,adaptive-confirm-irregular-f32-host-b1-s4-o0.txt
2,0,f32,host,irregular,1,4,0,400,0.204601750,0.00505775585771,0,2,adaptive-confirm-irregular-f32-host-b1-s4-o1.txt
2,0,f32,host,irregular,1,4,1,400,0.204466000,0.00501939281821,0,2,adaptive-confirm-irregular-f32-host-b1-s4-o1.txt
2,0,f32,host,irregular,1,4,2,400,0.199842500,0.00499996962026,0,2,adaptive-confirm-irregular-f32-host-b1-s4-o1.txt
2,0,f32,host,irregular,1,4,3,400,0.207221750,0.00498832250014,0,2,adaptive-confirm-irregular-f32-host-b1-s4-o1.txt
2,0,f32,host,irregular,1,4,4,400,0.202650000,0.0049805957824,-0.733289009397,2,adaptive-confirm-irregular-f32-host-b1-s4-o1.txt
2,0,f32,host,irregular,1,4,0,400,0.202317750,0.00505775585771,0,2,adaptive-confirm-irregular-f32-host-b1-s4-o2.txt
2,0,f32,host,irregular,1,4,1,400,0.199969250,0.00501939281821,0,2,adaptive-confirm-irregular-f32-host-b1-s4-o2.txt
2,0,f32,host,irregular,1,4,2,400,0.201515750,0.00499996962026,0,2,adaptive-confirm-irregular-f32-host-b1-s4-o2.txt
2,0,f32,host,irregular,1,4,3,400,0.209926000,0.00498832250014,0,2,adaptive-confirm-irregular-f32-host-b1-s4-o2.txt
2,0,f32,host,irregular,1,4,4,400,0.206418750,0.0049805957824,-0.733289009397,2,adaptive-confirm-irregular-f32-host-b1-s4-o2.txt
0,0,f32,host,irregular,1,4,0,400,0.202380250,0.00505775585771,0,2,adaptive-confirm-irregular-f32-host-b1-s4-o3.txt
0,0,f32,host,irregular,1,4,1,400,0.197287750,0.00501939281821,0,2,adaptive-confirm-irregular-f32-host-b1-s4-o3.txt
0,0,f32,host,irregular,1,4,2,400,0.202783500,0.00499996962026,0,2,adaptive-confirm-irregular-f32-host-b1-s4-o3.txt
0,0,f32,host,irregular,1,4,3,400,0.202001750,0.00498832250014,0,2,adaptive-confirm-irregular-f32-host-b1-s4-o3.txt
0,0,f32,host,irregular,1,4,4,400,0.204681750,0.0049805957824,-0.733289009397,2,adaptive-confirm-irregular-f32-host-b1-s4-o3.txt
0,0,f32,host,irregular,1,5,0,400,0.200493000,0.00504909036681,0,2,adaptive-confirm-irregular-f32-host-b1-s5-o0.txt
0,0,f32,host,irregular,1,5,1,400,0.201225750,0.00501386681572,0,2,adaptive-confirm-irregular-f32-host-b1-s5-o0.txt
0,0,f32,host,irregular,1,5,2,400,0.197836000,0.00499512720853,0,2,adaptive-confirm-irregular-f32-host-b1-s5-o0.txt
0,0,f32,host,irregular,1,5,3,400,0.204427000,0.00498368265107,0,2,adaptive-confirm-irregular-f32-host-b1-s5-o0.txt
0,0,f32,host,irregular,1,5,4,400,0.201228250,0.00497607560828,0.866151798011,2,adaptive-confirm-irregular-f32-host-b1-s5-o0.txt
2,0,f32,host,irregular,1,5,0,400,0.213221750,0.00504909036681,0,2,adaptive-confirm-irregular-f32-host-b1-s5-o1.txt
2,0,f32,host,irregular,1,5,1,400,0.220099750,0.00501386681572,0,2,adaptive-confirm-irregular-f32-host-b1-s5-o1.txt
2,0,f32,host,irregular,1,5,2,400,0.211868500,0.00499512720853,0,2,adaptive-confirm-irregular-f32-host-b1-s5-o1.txt
2,0,f32,host,irregular,1,5,3,400,0.212720500,0.00498368265107,0,2,adaptive-confirm-irregular-f32-host-b1-s5-o1.txt
2,0,f32,host,irregular,1,5,4,400,0.206777250,0.00497607560828,0.866151798011,2,adaptive-confirm-irregular-f32-host-b1-s5-o1.txt
2,0,f32,host,irregular,1,5,0,400,0.212717250,0.00504909036681,0,2,adaptive-confirm-irregular-f32-host-b1-s5-o2.txt
2,0,f32,host,irregular,1,5,1,400,0.209417000,0.00501386681572,0,2,adaptive-confirm-irregular-f32-host-b1-s5-o2.txt
2,0,f32,host,irregular,1,5,2,400,0.206430500,0.00499512720853,0,2,adaptive-confirm-irregular-f32-host-b1-s5-o2.txt
2,0,f32,host,irregular,1,5,3,400,0.204189000,0.00498368265107,0,2,adaptive-confirm-irregular-f32-host-b1-s5-o2.txt
2,0,f32,host,irregular,1,5,4,400,0.200796000,0.00497607560828,0.866151798011,2,adaptive-confirm-irregular-f32-host-b1-s5-o2.txt
0,0,f32,host,irregular,1,5,0,400,0.211696000,0.00504909036681,0,2,adaptive-confirm-irregular-f32-host-b1-s5-o3.txt
0,0,f32,host,irregular,1,5,1,400,0.202426500,0.00501386681572,0,2,adaptive-confirm-irregular-f32-host-b1-s5-o3.txt
0,0,f32,host,irregular,1,5,2,400,0.200275750,0.00499512720853,0,2,adaptive-confirm-irregular-f32-host-b1-s5-o3.txt
0,0,f32,host,irregular,1,5,3,400,0.199853500,0.00498368265107,0,2,adaptive-confirm-irregular-f32-host-b1-s5-o3.txt
0,0,f32,host,irregular,1,5,4,400,0.200940500,0.00497607560828,0.866151798011,2,adaptive-confirm-irregular-f32-host-b1-s5-o3.txt
0,0,f32,resident,irregular,0,3,0,400,0.109876750,0.0049806968309,0,2,adaptive-confirm-irregular-f32-resident-b0-s3-o0.txt
0,0,f32,resident,irregular,0,3,1,400,0.108064000,0.00493102427572,0,2,adaptive-confirm-irregular-f32-resident-b0-s3-o0.txt
0,0,f32,resident,irregular,0,3,2,400,0.108309250,0.00490888999775,0,2,adaptive-confirm-irregular-f32-resident-b0-s3-o0.txt
0,0,f32,resident,irregular,0,3,3,400,0.108139500,0.00489412713796,0,2,adaptive-confirm-irregular-f32-resident-b0-s3-o0.txt
0,0,f32,resident,irregular,0,3,4,400,0.111187500,0.00488066580147,-0.43885159849,2,adaptive-confirm-irregular-f32-resident-b0-s3-o0.txt
2,0,f32,resident,irregular,0,3,0,400,0.111776500,0.0049806968309,0,2,adaptive-confirm-irregular-f32-resident-b0-s3-o1.txt
2,0,f32,resident,irregular,0,3,1,400,0.115629000,0.00493102427572,0,2,adaptive-confirm-irregular-f32-resident-b0-s3-o1.txt
2,0,f32,resident,irregular,0,3,2,400,0.112775250,0.00490888999775,0,2,adaptive-confirm-irregular-f32-resident-b0-s3-o1.txt
2,0,f32,resident,irregular,0,3,3,400,0.111063500,0.00489412713796,0,2,adaptive-confirm-irregular-f32-resident-b0-s3-o1.txt
2,0,f32,resident,irregular,0,3,4,400,0.111302250,0.00488066580147,-0.43885159849,2,adaptive-confirm-irregular-f32-resident-b0-s3-o1.txt
2,0,f32,resident,irregular,0,3,0,400,0.113094500,0.0049806968309,0,2,adaptive-confirm-irregular-f32-resident-b0-s3-o2.txt
2,0,f32,resident,irregular,0,3,1,400,0.112672500,0.00493102427572,0,2,adaptive-confirm-irregular-f32-resident-b0-s3-o2.txt
2,0,f32,resident,irregular,0,3,2,400,0.115948750,0.00490888999775,0,2,adaptive-confirm-irregular-f32-resident-b0-s3-o2.txt
2,0,f32,resident,irregular,0,3,3,400,0.118206250,0.00489412713796,0,2,adaptive-confirm-irregular-f32-resident-b0-s3-o2.txt
2,0,f32,resident,irregular,0,3,4,400,0.111115500,0.00488066580147,-0.43885159849,2,adaptive-confirm-irregular-f32-resident-b0-s3-o2.txt
0,0,f32,resident,irregular,0,3,0,400,0.114940500,0.0049806968309,0,2,adaptive-confirm-irregular-f32-resident-b0-s3-o3.txt
0,0,f32,resident,irregular,0,3,1,400,0.114065750,0.00493102427572,0,2,adaptive-confirm-irregular-f32-resident-b0-s3-o3.txt
0,0,f32,resident,irregular,0,3,2,400,0.107769250,0.00490888999775,0,2,adaptive-confirm-irregular-f32-resident-b0-s3-o3.txt
0,0,f32,resident,irregular,0,3,3,400,0.107453750,0.00489412713796,0,2,adaptive-confirm-irregular-f32-resident-b0-s3-o3.txt
0,0,f32,resident,irregular,0,3,4,400,0.108634000,0.00488066580147,-0.43885159849,2,adaptive-confirm-irregular-f32-resident-b0-s3-o3.txt
0,0,f32,resident,irregular,0,4,0,400,0.109568250,0.00498519279063,0,2,adaptive-confirm-irregular-f32-resident-b0-s4-o0.txt
0,0,f32,resident,irregular,0,4,1,400,0.109408500,0.0049384390004,0,2,adaptive-confirm-irregular-f32-resident-b0-s4-o0.txt
0,0,f32,resident,irregular,0,4,2,400,0.108770000,0.00492027169093,0,2,adaptive-confirm-irregular-f32-resident-b0-s4-o0.txt
0,0,f32,resident,irregular,0,4,3,400,0.116907250,0.0049100718461,0,2,adaptive-confirm-irregular-f32-resident-b0-s4-o0.txt
0,0,f32,resident,irregular,0,4,4,400,0.108447250,0.00490193534642,-0.795804262341,2,adaptive-confirm-irregular-f32-resident-b0-s4-o0.txt
2,0,f32,resident,irregular,0,4,0,400,0.110752750,0.00498519279063,0,2,adaptive-confirm-irregular-f32-resident-b0-s4-o1.txt
2,0,f32,resident,irregular,0,4,1,400,0.112028500,0.0049384390004,0,2,adaptive-confirm-irregular-f32-resident-b0-s4-o1.txt
2,0,f32,resident,irregular,0,4,2,400,0.111944000,0.00492027169093,0,2,adaptive-confirm-irregular-f32-resident-b0-s4-o1.txt
2,0,f32,resident,irregular,0,4,3,400,0.111338250,0.0049100718461,0,2,adaptive-confirm-irregular-f32-resident-b0-s4-o1.txt
2,0,f32,resident,irregular,0,4,4,400,0.111334500,0.00490193534642,-0.795804262341,2,adaptive-confirm-irregular-f32-resident-b0-s4-o1.txt
2,0,f32,resident,irregular,0,4,0,400,0.113902750,0.00498519279063,0,2,adaptive-confirm-irregular-f32-resident-b0-s4-o2.txt
2,0,f32,resident,irregular,0,4,1,400,0.116502500,0.0049384390004,0,2,adaptive-confirm-irregular-f32-resident-b0-s4-o2.txt
2,0,f32,resident,irregular,0,4,2,400,0.114412500,0.00492027169093,0,2,adaptive-confirm-irregular-f32-resident-b0-s4-o2.txt
2,0,f32,resident,irregular,0,4,3,400,0.123096000,0.0049100718461,0,2,adaptive-confirm-irregular-f32-resident-b0-s4-o2.txt
2,0,f32,resident,irregular,0,4,4,400,0.115467500,0.00490193534642,-0.795804262341,2,adaptive-confirm-irregular-f32-resident-b0-s4-o2.txt
0,0,f32,resident,irregular,0,4,0,400,0.111683500,0.00498519279063,0,2,adaptive-confirm-irregular-f32-resident-b0-s4-o3.txt
0,0,f32,resident,irregular,0,4,1,400,0.110008000,0.0049384390004,0,2,adaptive-confirm-irregular-f32-resident-b0-s4-o3.txt
0,0,f32,resident,irregular,0,4,2,400,0.112238000,0.00492027169093,0,2,adaptive-confirm-irregular-f32-resident-b0-s4-o3.txt
0,0,f32,resident,irregular,0,4,3,400,0.110640000,0.0049100718461,0,2,adaptive-confirm-irregular-f32-resident-b0-s4-o3.txt
0,0,f32,resident,irregular,0,4,4,400,0.108394750,0.00490193534642,-0.795804262341,2,adaptive-confirm-irregular-f32-resident-b0-s4-o3.txt
0,0,f32,resident,irregular,0,5,0,400,0.109287250,0.00497725885361,0,2,adaptive-confirm-irregular-f32-resident-b0-s5-o0.txt
0,0,f32,resident,irregular,0,5,1,400,0.111017500,0.00493599567562,0,2,adaptive-confirm-irregular-f32-resident-b0-s5-o0.txt
0,0,f32,resident,irregular,0,5,2,400,0.108405000,0.00492000393569,0,2,adaptive-confirm-irregular-f32-resident-b0-s5-o0.txt
0,0,f32,resident,irregular,0,5,3,400,0.109706500,0.00491047976539,0,2,adaptive-confirm-irregular-f32-resident-b0-s5-o0.txt
0,0,f32,resident,irregular,0,5,4,400,0.113297500,0.00490241032094,0.923723372782,2,adaptive-confirm-irregular-f32-resident-b0-s5-o0.txt
2,0,f32,resident,irregular,0,5,0,400,0.109979750,0.00497725885361,0,2,adaptive-confirm-irregular-f32-resident-b0-s5-o1.txt
2,0,f32,resident,irregular,0,5,1,400,0.114707000,0.00493599567562,0,2,adaptive-confirm-irregular-f32-resident-b0-s5-o1.txt
2,0,f32,resident,irregular,0,5,2,400,0.113268500,0.00492000393569,0,2,adaptive-confirm-irregular-f32-resident-b0-s5-o1.txt
2,0,f32,resident,irregular,0,5,3,400,0.114130000,0.00491047976539,0,2,adaptive-confirm-irregular-f32-resident-b0-s5-o1.txt
2,0,f32,resident,irregular,0,5,4,400,0.115092250,0.00490241032094,0.923723372782,2,adaptive-confirm-irregular-f32-resident-b0-s5-o1.txt
2,0,f32,resident,irregular,0,5,0,400,0.109983000,0.00497725885361,0,2,adaptive-confirm-irregular-f32-resident-b0-s5-o2.txt
2,0,f32,resident,irregular,0,5,1,400,0.110887500,0.00493599567562,0,2,adaptive-confirm-irregular-f32-resident-b0-s5-o2.txt
2,0,f32,resident,irregular,0,5,2,400,0.112283750,0.00492000393569,0,2,adaptive-confirm-irregular-f32-resident-b0-s5-o2.txt
2,0,f32,resident,irregular,0,5,3,400,0.111905000,0.00491047976539,0,2,adaptive-confirm-irregular-f32-resident-b0-s5-o2.txt
2,0,f32,resident,irregular,0,5,4,400,0.112802500,0.00490241032094,0.923723372782,2,adaptive-confirm-irregular-f32-resident-b0-s5-o2.txt
0,0,f32,resident,irregular,0,5,0,400,0.108863250,0.00497725885361,0,2,adaptive-confirm-irregular-f32-resident-b0-s5-o3.txt
0,0,f32,resident,irregular,0,5,1,400,0.108406000,0.00493599567562,0,2,adaptive-confirm-irregular-f32-resident-b0-s5-o3.txt
0,0,f32,resident,irregular,0,5,2,400,0.108996500,0.00492000393569,0,2,adaptive-confirm-irregular-f32-resident-b0-s5-o3.txt
0,0,f32,resident,irregular,0,5,3,400,0.112760000,0.00491047976539,0,2,adaptive-confirm-irregular-f32-resident-b0-s5-o3.txt
0,0,f32,resident,irregular,0,5,4,400,0.112295500,0.00490241032094,0.923723372782,2,adaptive-confirm-irregular-f32-resident-b0-s5-o3.txt
0,0,f32,resident,irregular,1,3,0,400,0.124619000,0.00497795874253,0,2,adaptive-confirm-irregular-f32-resident-b1-s3-o0.txt
0,0,f32,resident,irregular,1,3,1,400,0.124171750,0.00492958026007,0,2,adaptive-confirm-irregular-f32-resident-b1-s3-o0.txt
0,0,f32,resident,irregular,1,3,2,400,0.120681000,0.00490789115429,0,2,adaptive-confirm-irregular-f32-resident-b1-s3-o0.txt
0,0,f32,resident,irregular,1,3,3,400,0.124294500,0.00489317253232,0,2,adaptive-confirm-irregular-f32-resident-b1-s3-o0.txt
0,0,f32,resident,irregular,1,3,4,400,0.123425250,0.00487957522273,-0.384943151421,2,adaptive-confirm-irregular-f32-resident-b1-s3-o0.txt
2,0,f32,resident,irregular,1,3,0,400,0.125434500,0.00497795874253,0,2,adaptive-confirm-irregular-f32-resident-b1-s3-o1.txt
2,0,f32,resident,irregular,1,3,1,400,0.125213000,0.00492958026007,0,2,adaptive-confirm-irregular-f32-resident-b1-s3-o1.txt
2,0,f32,resident,irregular,1,3,2,400,0.127277000,0.00490789115429,0,2,adaptive-confirm-irregular-f32-resident-b1-s3-o1.txt
2,0,f32,resident,irregular,1,3,3,400,0.124821500,0.00489317253232,0,2,adaptive-confirm-irregular-f32-resident-b1-s3-o1.txt
2,0,f32,resident,irregular,1,3,4,400,0.125251750,0.00487957522273,-0.384943151421,2,adaptive-confirm-irregular-f32-resident-b1-s3-o1.txt
2,0,f32,resident,irregular,1,3,0,400,0.123226500,0.00497795874253,0,2,adaptive-confirm-irregular-f32-resident-b1-s3-o2.txt
2,0,f32,resident,irregular,1,3,1,400,0.124604000,0.00492958026007,0,2,adaptive-confirm-irregular-f32-resident-b1-s3-o2.txt
2,0,f32,resident,irregular,1,3,2,400,0.123274750,0.00490789115429,0,2,adaptive-confirm-irregular-f32-resident-b1-s3-o2.txt
2,0,f32,resident,irregular,1,3,3,400,0.124238750,0.00489317253232,0,2,adaptive-confirm-irregular-f32-resident-b1-s3-o2.txt
2,0,f32,resident,irregular,1,3,4,400,0.124971250,0.00487957522273,-0.384943151421,2,adaptive-confirm-irregular-f32-resident-b1-s3-o2.txt
0,0,f32,resident,irregular,1,3,0,400,0.124843250,0.00497795874253,0,2,adaptive-confirm-irregular-f32-resident-b1-s3-o3.txt
0,0,f32,resident,irregular,1,3,1,400,0.125130750,0.00492958026007,0,2,adaptive-confirm-irregular-f32-resident-b1-s3-o3.txt
0,0,f32,resident,irregular,1,3,2,400,0.121708750,0.00490789115429,0,2,adaptive-confirm-irregular-f32-resident-b1-s3-o3.txt
0,0,f32,resident,irregular,1,3,3,400,0.131875500,0.00489317253232,0,2,adaptive-confirm-irregular-f32-resident-b1-s3-o3.txt
0,0,f32,resident,irregular,1,3,4,400,0.121336750,0.00487957522273,-0.384943151421,2,adaptive-confirm-irregular-f32-resident-b1-s3-o3.txt
0,0,f32,resident,irregular,1,4,0,400,0.122093750,0.00498484866694,0,2,adaptive-confirm-irregular-f32-resident-b1-s4-o0.txt
0,0,f32,resident,irregular,1,4,1,400,0.121877500,0.00493827089667,0,2,adaptive-confirm-irregular-f32-resident-b1-s4-o0.txt
0,0,f32,resident,irregular,1,4,2,400,0.127889500,0.00492022745311,0,2,adaptive-confirm-irregular-f32-resident-b1-s4-o0.txt
0,0,f32,resident,irregular,1,4,3,400,0.123402500,0.0049100718461,0,2,adaptive-confirm-irregular-f32-resident-b1-s4-o0.txt
0,0,f32,resident,irregular,1,4,4,400,0.122553250,0.00490192649886,-0.743992621499,2,adaptive-confirm-irregular-f32-resident-b1-s4-o0.txt
2,0,f32,resident,irregular,1,4,0,400,0.131263500,0.00498484866694,0,2,adaptive-confirm-irregular-f32-resident-b1-s4-o1.txt
2,0,f32,resident,irregular,1,4,1,400,0.123671250,0.00493827089667,0,2,adaptive-confirm-irregular-f32-resident-b1-s4-o1.txt
2,0,f32,resident,irregular,1,4,2,400,0.125182250,0.00492022745311,0,2,adaptive-confirm-irregular-f32-resident-b1-s4-o1.txt
2,0,f32,resident,irregular,1,4,3,400,0.124494500,0.0049100718461,0,2,adaptive-confirm-irregular-f32-resident-b1-s4-o1.txt
2,0,f32,resident,irregular,1,4,4,400,0.124734500,0.00490192649886,-0.743992621499,2,adaptive-confirm-irregular-f32-resident-b1-s4-o1.txt
2,0,f32,resident,irregular,1,4,0,400,0.130803000,0.00498484866694,0,2,adaptive-confirm-irregular-f32-resident-b1-s4-o2.txt
2,0,f32,resident,irregular,1,4,1,400,0.134155750,0.00493827089667,0,2,adaptive-confirm-irregular-f32-resident-b1-s4-o2.txt
2,0,f32,resident,irregular,1,4,2,400,0.125131750,0.00492022745311,0,2,adaptive-confirm-irregular-f32-resident-b1-s4-o2.txt
2,0,f32,resident,irregular,1,4,3,400,0.128440750,0.0049100718461,0,2,adaptive-confirm-irregular-f32-resident-b1-s4-o2.txt
2,0,f32,resident,irregular,1,4,4,400,0.125463500,0.00490192649886,-0.743992621499,2,adaptive-confirm-irregular-f32-resident-b1-s4-o2.txt
0,0,f32,resident,irregular,1,4,0,400,0.122146500,0.00498484866694,0,2,adaptive-confirm-irregular-f32-resident-b1-s4-o3.txt
0,0,f32,resident,irregular,1,4,1,400,0.121315000,0.00493827089667,0,2,adaptive-confirm-irregular-f32-resident-b1-s4-o3.txt
0,0,f32,resident,irregular,1,4,2,400,0.121580750,0.00492022745311,0,2,adaptive-confirm-irregular-f32-resident-b1-s4-o3.txt
0,0,f32,resident,irregular,1,4,3,400,0.121490250,0.0049100718461,0,2,adaptive-confirm-irregular-f32-resident-b1-s4-o3.txt
0,0,f32,resident,irregular,1,4,4,400,0.122395750,0.00490192649886,-0.743992621499,2,adaptive-confirm-irregular-f32-resident-b1-s4-o3.txt
0,0,f32,resident,irregular,1,5,0,400,0.121041500,0.00497772498056,0,2,adaptive-confirm-irregular-f32-resident-b1-s5-o0.txt
0,0,f32,resident,irregular,1,5,1,400,0.124976750,0.00493604037911,0,2,adaptive-confirm-irregular-f32-resident-b1-s5-o0.txt
0,0,f32,resident,irregular,1,5,2,400,0.120257500,0.004920006264,0,2,adaptive-confirm-irregular-f32-resident-b1-s5-o0.txt
0,0,f32,resident,irregular,1,5,3,400,0.119923750,0.00491051655263,0,2,adaptive-confirm-irregular-f32-resident-b1-s5-o0.txt
0,0,f32,resident,irregular,1,5,4,400,0.128689000,0.00490249413997,0.958743793405,2,adaptive-confirm-irregular-f32-resident-b1-s5-o0.txt
2,0,f32,resident,irregular,1,5,0,400,0.124316750,0.00497772498056,0,2,adaptive-confirm-irregular-f32-resident-b1-s5-o1.txt
2,0,f32,resident,irregular,1,5,1,400,0.124106750,0.00493604037911,0,2,adaptive-confirm-irregular-f32-resident-b1-s5-o1.txt
2,0,f32,resident,irregular,1,5,2,400,0.124767000,0.004920006264,0,2,adaptive-confirm-irregular-f32-resident-b1-s5-o1.txt
2,0,f32,resident,irregular,1,5,3,400,0.123916250,0.00491051655263,0,2,adaptive-confirm-irregular-f32-resident-b1-s5-o1.txt
2,0,f32,resident,irregular,1,5,4,400,0.124310250,0.00490249413997,0.958743793405,2,adaptive-confirm-irregular-f32-resident-b1-s5-o1.txt
2,0,f32,resident,irregular,1,5,0,400,0.124513750,0.00497772498056,0,2,adaptive-confirm-irregular-f32-resident-b1-s5-o2.txt
2,0,f32,resident,irregular,1,5,1,400,0.124478500,0.00493604037911,0,2,adaptive-confirm-irregular-f32-resident-b1-s5-o2.txt
2,0,f32,resident,irregular,1,5,2,400,0.124301250,0.004920006264,0,2,adaptive-confirm-irregular-f32-resident-b1-s5-o2.txt
2,0,f32,resident,irregular,1,5,3,400,0.124470000,0.00491051655263,0,2,adaptive-confirm-irregular-f32-resident-b1-s5-o2.txt
2,0,f32,resident,irregular,1,5,4,400,0.124463500,0.00490249413997,0.958743793405,2,adaptive-confirm-irregular-f32-resident-b1-s5-o2.txt
0,0,f32,resident,irregular,1,5,0,400,0.126142000,0.00497772498056,0,2,adaptive-confirm-irregular-f32-resident-b1-s5-o3.txt
0,0,f32,resident,irregular,1,5,1,400,0.120160500,0.00493604037911,0,2,adaptive-confirm-irregular-f32-resident-b1-s5-o3.txt
0,0,f32,resident,irregular,1,5,2,400,0.120999000,0.004920006264,0,2,adaptive-confirm-irregular-f32-resident-b1-s5-o3.txt
0,0,f32,resident,irregular,1,5,3,400,0.121717000,0.00491051655263,0,2,adaptive-confirm-irregular-f32-resident-b1-s5-o3.txt
0,0,f32,resident,irregular,1,5,4,400,0.122078500,0.00490249413997,0.958743793405,2,adaptive-confirm-irregular-f32-resident-b1-s5-o3.txt
0,2,tf32,host,irregular,0,3,0,400,0.186359750,0.00506235146895,0,2,adaptive-confirm-irregular-tf32-host-b0-s3-o0.txt
0,2,tf32,host,irregular,0,3,1,400,0.179251750,0.00502179889008,0,2,adaptive-confirm-irregular-tf32-host-b0-s3-o0.txt
0,2,tf32,host,irregular,0,3,2,400,0.182448000,0.00500055262819,0,2,adaptive-confirm-irregular-tf32-host-b0-s3-o0.txt
0,2,tf32,host,irregular,0,3,3,400,0.180392750,0.00498783728108,0,2,adaptive-confirm-irregular-tf32-host-b0-s3-o0.txt
0,2,tf32,host,irregular,0,3,4,400,0.179532000,0.00497960299253,-0.536252246507,2,adaptive-confirm-irregular-tf32-host-b0-s3-o0.txt
2,2,tf32,host,irregular,0,3,0,400,0.176692000,0.00506235146895,0,2,adaptive-confirm-irregular-tf32-host-b0-s3-o1.txt
2,2,tf32,host,irregular,0,3,1,400,0.183381000,0.00502179889008,0,2,adaptive-confirm-irregular-tf32-host-b0-s3-o1.txt
2,2,tf32,host,irregular,0,3,2,400,0.183618250,0.00500055262819,0,2,adaptive-confirm-irregular-tf32-host-b0-s3-o1.txt
2,2,tf32,host,irregular,0,3,3,400,0.180033250,0.00498783728108,0,2,adaptive-confirm-irregular-tf32-host-b0-s3-o1.txt
2,2,tf32,host,irregular,0,3,4,400,0.181027250,0.00497960299253,-0.536252246507,2,adaptive-confirm-irregular-tf32-host-b0-s3-o1.txt
2,2,tf32,host,irregular,0,3,0,400,0.191000500,0.00506235146895,0,2,adaptive-confirm-irregular-tf32-host-b0-s3-o2.txt
2,2,tf32,host,irregular,0,3,1,400,0.183388750,0.00502179889008,0,2,adaptive-confirm-irregular-tf32-host-b0-s3-o2.txt
2,2,tf32,host,irregular,0,3,2,400,0.185190250,0.00500055262819,0,2,adaptive-confirm-irregular-tf32-host-b0-s3-o2.txt
2,2,tf32,host,irregular,0,3,3,400,0.177010250,0.00498783728108,0,2,adaptive-confirm-irregular-tf32-host-b0-s3-o2.txt
2,2,tf32,host,irregular,0,3,4,400,0.184891250,0.00497960299253,-0.536252246507,2,adaptive-confirm-irregular-tf32-host-b0-s3-o2.txt
0,2,tf32,host,irregular,0,3,0,400,0.181815250,0.00506235146895,0,2,adaptive-confirm-irregular-tf32-host-b0-s3-o3.txt
0,2,tf32,host,irregular,0,3,1,400,0.180119500,0.00502179889008,0,2,adaptive-confirm-irregular-tf32-host-b0-s3-o3.txt
0,2,tf32,host,irregular,0,3,2,400,0.181300750,0.00500055262819,0,2,adaptive-confirm-irregular-tf32-host-b0-s3-o3.txt
0,2,tf32,host,irregular,0,3,3,400,0.181608750,0.00498783728108,0,2,adaptive-confirm-irregular-tf32-host-b0-s3-o3.txt
0,2,tf32,host,irregular,0,3,4,400,0.179913250,0.00497960299253,-0.536252246507,2,adaptive-confirm-irregular-tf32-host-b0-s3-o3.txt
0,2,tf32,host,irregular,0,4,0,400,0.181537750,0.0050563653931,0,2,adaptive-confirm-irregular-tf32-host-b0-s4-o0.txt
0,2,tf32,host,irregular,0,4,1,400,0.193794250,0.00501918187365,0,2,adaptive-confirm-irregular-tf32-host-b0-s4-o0.txt
0,2,tf32,host,irregular,0,4,2,400,0.184128250,0.00500017032027,0,2,adaptive-confirm-irregular-tf32-host-b0-s4-o0.txt
0,2,tf32,host,irregular,0,4,3,400,0.179539000,0.00498872483149,0,2,adaptive-confirm-irregular-tf32-host-b0-s4-o0.txt
0,2,tf32,host,irregular,0,4,4,400,0.181886000,0.00498110195622,-0.792050098904,2,adaptive-confirm-irregular-tf32-host-b0-s4-o0.txt
2,2,tf32,host,irregular,0,4,0,400,0.185929000,0.0050563653931,0,2,adaptive-confirm-irregular-tf32-host-b0-s4-o1.txt
2,2,tf32,host,irregular,0,4,1,400,0.181865000,0.00501918187365,0,2,adaptive-confirm-irregular-tf32-host-b0-s4-o1.txt
2,2,tf32,host,irregular,0,4,2,400,0.181786750,0.00500017032027,0,2,adaptive-confirm-irregular-tf32-host-b0-s4-o1.txt
2,2,tf32,host,irregular,0,4,3,400,0.182926250,0.00498872483149,0,2,adaptive-confirm-irregular-tf32-host-b0-s4-o1.txt
2,2,tf32,host,irregular,0,4,4,400,0.179449500,0.00498110195622,-0.792050098904,2,adaptive-confirm-irregular-tf32-host-b0-s4-o1.txt
2,2,tf32,host,irregular,0,4,0,400,0.180071000,0.0050563653931,0,2,adaptive-confirm-irregular-tf32-host-b0-s4-o2.txt
2,2,tf32,host,irregular,0,4,1,400,0.180485000,0.00501918187365,0,2,adaptive-confirm-irregular-tf32-host-b0-s4-o2.txt
2,2,tf32,host,irregular,0,4,2,400,0.180182000,0.00500017032027,0,2,adaptive-confirm-irregular-tf32-host-b0-s4-o2.txt
2,2,tf32,host,irregular,0,4,3,400,0.181547000,0.00498872483149,0,2,adaptive-confirm-irregular-tf32-host-b0-s4-o2.txt
2,2,tf32,host,irregular,0,4,4,400,0.188921750,0.00498110195622,-0.792050098904,2,adaptive-confirm-irregular-tf32-host-b0-s4-o2.txt
0,2,tf32,host,irregular,0,4,0,400,0.184997500,0.0050563653931,0,2,adaptive-confirm-irregular-tf32-host-b0-s4-o3.txt
0,2,tf32,host,irregular,0,4,1,400,0.179874250,0.00501918187365,0,2,adaptive-confirm-irregular-tf32-host-b0-s4-o3.txt
0,2,tf32,host,irregular,0,4,2,400,0.179838500,0.00500017032027,0,2,adaptive-confirm-irregular-tf32-host-b0-s4-o3.txt
0,2,tf32,host,irregular,0,4,3,400,0.179363000,0.00498872483149,0,2,adaptive-confirm-irregular-tf32-host-b0-s4-o3.txt
0,2,tf32,host,irregular,0,4,4,400,0.177215250,0.00498110195622,-0.792050098904,2,adaptive-confirm-irregular-tf32-host-b0-s4-o3.txt
0,2,tf32,host,irregular,0,5,0,400,0.180738750,0.00504612643272,0,2,adaptive-confirm-irregular-tf32-host-b0-s5-o0.txt
0,2,tf32,host,irregular,0,5,1,400,0.179822000,0.00501230964437,0,2,adaptive-confirm-irregular-tf32-host-b0-s5-o0.txt
0,2,tf32,host,irregular,0,5,2,400,0.182376500,0.00499428063631,0,2,adaptive-confirm-irregular-tf32-host-b0-s5-o0.txt
0,2,tf32,host,irregular,0,5,3,400,0.180134500,0.0049831927754,0,2,adaptive-confirm-irregular-tf32-host-b0-s5-o0.txt
0,2,tf32,host,irregular,0,5,4,400,0.177431500,0.00497576687485,0.845342243028,2,adaptive-confirm-irregular-tf32-host-b0-s5-o0.txt
2,2,tf32,host,irregular,0,5,0,400,0.179810500,0.00504612643272,0,2,adaptive-confirm-irregular-tf32-host-b0-s5-o1.txt
2,2,tf32,host,irregular,0,5,1,400,0.179589000,0.00501230964437,0,2,adaptive-confirm-irregular-tf32-host-b0-s5-o1.txt
2,2,tf32,host,irregular,0,5,2,400,0.179416750,0.00499428063631,0,2,adaptive-confirm-irregular-tf32-host-b0-s5-o1.txt
2,2,tf32,host,irregular,0,5,3,400,0.179143250,0.0049831927754,0,2,adaptive-confirm-irregular-tf32-host-b0-s5-o1.txt
2,2,tf32,host,irregular,0,5,4,400,0.178012750,0.00497576687485,0.845342243028,2,adaptive-confirm-irregular-tf32-host-b0-s5-o1.txt
2,2,tf32,host,irregular,0,5,0,400,0.180405750,0.00504612643272,0,2,adaptive-confirm-irregular-tf32-host-b0-s5-o2.txt
2,2,tf32,host,irregular,0,5,1,400,0.179963250,0.00501230964437,0,2,adaptive-confirm-irregular-tf32-host-b0-s5-o2.txt
2,2,tf32,host,irregular,0,5,2,400,0.180096750,0.00499428063631,0,2,adaptive-confirm-irregular-tf32-host-b0-s5-o2.txt
2,2,tf32,host,irregular,0,5,3,400,0.179715750,0.0049831927754,0,2,adaptive-confirm-irregular-tf32-host-b0-s5-o2.txt
2,2,tf32,host,irregular,0,5,4,400,0.179720500,0.00497576687485,0.845342243028,2,adaptive-confirm-irregular-tf32-host-b0-s5-o2.txt
0,2,tf32,host,irregular,0,5,0,400,0.179832750,0.00504612643272,0,2,adaptive-confirm-irregular-tf32-host-b0-s5-o3.txt
0,2,tf32,host,irregular,0,5,1,400,0.183874000,0.00501230964437,0,2,adaptive-confirm-irregular-tf32-host-b0-s5-o3.txt
0,2,tf32,host,irregular,0,5,2,400,0.180919500,0.00499428063631,0,2,adaptive-confirm-irregular-tf32-host-b0-s5-o3.txt
0,2,tf32,host,irregular,0,5,3,400,0.183662000,0.0049831927754,0,2,adaptive-confirm-irregular-tf32-host-b0-s5-o3.txt
0,2,tf32,host,irregular,0,5,4,400,0.183927500,0.00497576687485,0.845342243028,2,adaptive-confirm-irregular-tf32-host-b0-s5-o3.txt
0,2,tf32,host,irregular,1,3,0,400,0.196116000,0.00506440456957,0,2,adaptive-confirm-irregular-tf32-host-b1-s3-o0.txt
0,2,tf32,host,irregular,1,3,1,400,0.201126000,0.00502249086276,0,2,adaptive-confirm-irregular-tf32-host-b1-s3-o0.txt
0,2,tf32,host,irregular,1,3,2,400,0.198822500,0.0050006872043,0,2,adaptive-confirm-irregular-tf32-host-b1-s3-o0.txt
0,2,tf32,host,irregular,1,3,3,400,0.200123500,0.00498768175021,0,2,adaptive-confirm-irregular-tf32-host-b1-s3-o0.txt
0,2,tf32,host,irregular,1,3,4,400,0.198184000,0.0049792798236,-0.502935042485,2,adaptive-confirm-irregular-tf32-host-b1-s3-o0.txt
2,2,tf32,host,irregular,1,3,0,400,0.198100250,0.00506440456957,0,2,adaptive-confirm-irregular-tf32-host-b1-s3-o1.txt
2,2,tf32,host,irregular,1,3,1,400,0.199775500,0.00502249086276,0,2,adaptive-confirm-irregular-tf32-host-b1-s3-o1.txt
2,2,tf32,host,irregular,1,3,2,400,0.198397750,0.0050006872043,0,2,adaptive-confirm-irregular-tf32-host-b1-s3-o1.txt
2,2,tf32,host,irregular,1,3,3,400,0.201219250,0.00498768175021,0,2,adaptive-confirm-irregular-tf32-host-b1-s3-o1.txt
2,2,tf32,host,irregular,1,3,4,400,0.197797500,0.0049792798236,-0.502935042485,2,adaptive-confirm-irregular-tf32-host-b1-s3-o1.txt
2,2,tf32,host,irregular,1,3,0,400,0.197233000,0.00506440456957,0,2,adaptive-confirm-irregular-tf32-host-b1-s3-o2.txt
2,2,tf32,host,irregular,1,3,1,400,0.198379000,0.00502249086276,0,2,adaptive-confirm-irregular-tf32-host-b1-s3-o2.txt
2,2,tf32,host,irregular,1,3,2,400,0.198280750,0.0050006872043,0,2,adaptive-confirm-irregular-tf32-host-b1-s3-o2.txt
2,2,tf32,host,irregular,1,3,3,400,0.199754500,0.00498768175021,0,2,adaptive-confirm-irregular-tf32-host-b1-s3-o2.txt
2,2,tf32,host,irregular,1,3,4,400,0.196887750,0.0049792798236,-0.502935042485,2,adaptive-confirm-irregular-tf32-host-b1-s3-o2.txt
0,2,tf32,host,irregular,1,3,0,400,0.199746750,0.00506440456957,0,2,adaptive-confirm-irregular-tf32-host-b1-s3-o3.txt
0,2,tf32,host,irregular,1,3,1,400,0.198881000,0.00502249086276,0,2,adaptive-confirm-irregular-tf32-host-b1-s3-o3.txt
0,2,tf32,host,irregular,1,3,2,400,0.199076500,0.0050006872043,0,2,adaptive-confirm-irregular-tf32-host-b1-s3-o3.txt
0,2,tf32,host,irregular,1,3,3,400,0.198575750,0.00498768175021,0,2,adaptive-confirm-irregular-tf32-host-b1-s3-o3.txt
0,2,tf32,host,irregular,1,3,4,400,0.199513750,0.0049792798236,-0.502935042485,2,adaptive-confirm-irregular-tf32-host-b1-s3-o3.txt
0,2,tf32,host,irregular,1,4,0,400,0.203886250,0.00505775539204,0,2,adaptive-confirm-irregular-tf32-host-b1-s4-o0.txt
0,2,tf32,host,irregular,1,4,1,400,0.197760250,0.00501939235255,0,2,adaptive-confirm-irregular-tf32-host-b1-s4-o0.txt
0,2,tf32,host,irregular,1,4,2,400,0.200908500,0.0049999691546,0,2,adaptive-confirm-irregular-tf32-host-b1-s4-o0.txt
0,2,tf32,host,irregular,1,4,3,400,0.199973000,0.00498832156882,0,2,adaptive-confirm-irregular-tf32-host-b1-s4-o0.txt
0,2,tf32,host,irregular,1,4,4,400,0.197204000,0.0049805957824,-0.733267520993,2,adaptive-confirm-irregular-tf32-host-b1-s4-o0.txt
2,2,tf32,host,irregular,1,4,0,400,0.198123000,0.00505775539204,0,2,adaptive-confirm-irregular-tf32-host-b1-s4-o1.txt
2,2,tf32,host,irregular,1,4,1,400,0.199990750,0.00501939235255,0,2,adaptive-confirm-irregular-tf32-host-b1-s4-o1.txt
2,2,tf32,host,irregular,1,4,2,400,0.196924000,0.0049999691546,0,2,adaptive-confirm-irregular-tf32-host-b1-s4-o1.txt
2,2,tf32,host,irregular,1,4,3,400,0.198344250,0.00498832156882,0,2,adaptive-confirm-irregular-tf32-host-b1-s4-o1.txt
2,2,tf32,host,irregular,1,4,4,400,0.201434000,0.0049805957824,-0.733267520993,2,adaptive-confirm-irregular-tf32-host-b1-s4-o1.txt
2,2,tf32,host,irregular,1,4,0,400,0.203769750,0.00505775539204,0,2,adaptive-confirm-irregular-tf32-host-b1-s4-o2.txt
2,2,tf32,host,irregular,1,4,1,400,0.197223500,0.00501939235255,0,2,adaptive-confirm-irregular-tf32-host-b1-s4-o2.txt
2,2,tf32,host,irregular,1,4,2,400,0.197706750,0.0049999691546,0,2,adaptive-confirm-irregular-tf32-host-b1-s4-o2.txt
2,2,tf32,host,irregular,1,4,3,400,0.200281250,0.00498832156882,0,2,adaptive-confirm-irregular-tf32-host-b1-s4-o2.txt
2,2,tf32,host,irregular,1,4,4,400,0.197811500,0.0049805957824,-0.733267520993,2,adaptive-confirm-irregular-tf32-host-b1-s4-o2.txt
0,2,tf32,host,irregular,1,4,0,400,0.199898250,0.00505775539204,0,2,adaptive-confirm-irregular-tf32-host-b1-s4-o3.txt
0,2,tf32,host,irregular,1,4,1,400,0.199013000,0.00501939235255,0,2,adaptive-confirm-irregular-tf32-host-b1-s4-o3.txt
0,2,tf32,host,irregular,1,4,2,400,0.203196750,0.0049999691546,0,2,adaptive-confirm-irregular-tf32-host-b1-s4-o3.txt
0,2,tf32,host,irregular,1,4,3,400,0.199123750,0.00498832156882,0,2,adaptive-confirm-irregular-tf32-host-b1-s4-o3.txt
0,2,tf32,host,irregular,1,4,4,400,0.202663500,0.0049805957824,-0.733267520993,2,adaptive-confirm-irregular-tf32-host-b1-s4-o3.txt
0,2,tf32,host,irregular,1,5,0,400,0.200498750,0.00504909083247,0,2,adaptive-confirm-irregular-tf32-host-b1-s5-o0.txt
0,2,tf32,host,irregular,1,5,1,400,0.205862250,0.00501386681572,0,2,adaptive-confirm-irregular-tf32-host-b1-s5-o0.txt
0,2,tf32,host,irregular,1,5,2,400,0.209887000,0.00499512813985,0,2,adaptive-confirm-irregular-tf32-host-b1-s5-o0.txt
0,2,tf32,host,irregular,1,5,3,400,0.201489500,0.00498368311673,0,2,adaptive-confirm-irregular-tf32-host-b1-s5-o0.txt
0,2,tf32,host,irregular,1,5,4,400,0.201374000,0.00497607607394,0.866144214637,2,adaptive-confirm-irregular-tf32-host-b1-s5-o0.txt
2,2,tf32,host,irregular,1,5,0,400,0.198974000,0.00504909083247,0,2,adaptive-confirm-irregular-tf32-host-b1-s5-o1.txt
2,2,tf32,host,irregular,1,5,1,400,0.197589750,0.00501386681572,0,2,adaptive-confirm-irregular-tf32-host-b1-s5-o1.txt
2,2,tf32,host,irregular,1,5,2,400,0.203035000,0.00499512813985,0,2,adaptive-confirm-irregular-tf32-host-b1-s5-o1.txt
2,2,tf32,host,irregular,1,5,3,400,0.203263000,0.00498368311673,0,2,adaptive-confirm-irregular-tf32-host-b1-s5-o1.txt
2,2,tf32,host,irregular,1,5,4,400,0.197756250,0.00497607607394,0.866144214637,2,adaptive-confirm-irregular-tf32-host-b1-s5-o1.txt
2,2,tf32,host,irregular,1,5,0,400,0.198346250,0.00504909083247,0,2,adaptive-confirm-irregular-tf32-host-b1-s5-o2.txt
2,2,tf32,host,irregular,1,5,1,400,0.202163750,0.00501386681572,0,2,adaptive-confirm-irregular-tf32-host-b1-s5-o2.txt
2,2,tf32,host,irregular,1,5,2,400,0.197377000,0.00499512813985,0,2,adaptive-confirm-irregular-tf32-host-b1-s5-o2.txt
2,2,tf32,host,irregular,1,5,3,400,0.198896500,0.00498368311673,0,2,adaptive-confirm-irregular-tf32-host-b1-s5-o2.txt
2,2,tf32,host,irregular,1,5,4,400,0.198788500,0.00497607607394,0.866144214637,2,adaptive-confirm-irregular-tf32-host-b1-s5-o2.txt
0,2,tf32,host,irregular,1,5,0,400,0.201197250,0.00504909083247,0,2,adaptive-confirm-irregular-tf32-host-b1-s5-o3.txt
0,2,tf32,host,irregular,1,5,1,400,0.198161250,0.00501386681572,0,2,adaptive-confirm-irregular-tf32-host-b1-s5-o3.txt
0,2,tf32,host,irregular,1,5,2,400,0.208844250,0.00499512813985,0,2,adaptive-confirm-irregular-tf32-host-b1-s5-o3.txt
0,2,tf32,host,irregular,1,5,3,400,0.198762000,0.00498368311673,0,2,adaptive-confirm-irregular-tf32-host-b1-s5-o3.txt
0,2,tf32,host,irregular,1,5,4,400,0.194797750,0.00497607607394,0.866144214637,2,adaptive-confirm-irregular-tf32-host-b1-s5-o3.txt
0,2,tf32,resident,irregular,0,3,0,400,0.107622000,0.00498069636524,0,2,adaptive-confirm-irregular-tf32-resident-b0-s3-o0.txt
0,2,tf32,resident,irregular,0,3,1,400,0.108051500,0.00493102520704,0,2,adaptive-confirm-irregular-tf32-resident-b0-s3-o0.txt
0,2,tf32,resident,irregular,0,3,2,400,0.107957250,0.00490888999775,0,2,adaptive-confirm-irregular-tf32-resident-b0-s3-o0.txt
0,2,tf32,resident,irregular,0,3,3,400,0.107646750,0.00489412760362,0,2,adaptive-confirm-irregular-tf32-resident-b0-s3-o0.txt
0,2,tf32,resident,irregular,0,3,4,400,0.108031500,0.00488066626713,-0.438853089322,2,adaptive-confirm-irregular-tf32-resident-b0-s3-o0.txt
2,2,tf32,resident,irregular,0,3,0,400,0.106628000,0.00498069636524,0,2,adaptive-confirm-irregular-tf32-resident-b0-s3-o1.txt
2,2,tf32,resident,irregular,0,3,1,400,0.108733000,0.00493102520704,0,2,adaptive-confirm-irregular-tf32-resident-b0-s3-o1.txt
2,2,tf32,resident,irregular,0,3,2,400,0.113251250,0.00490888999775,0,2,adaptive-confirm-irregular-tf32-resident-b0-s3-o1.txt
2,2,tf32,resident,irregular,0,3,3,400,0.113045250,0.00489412760362,0,2,adaptive-confirm-irregular-tf32-resident-b0-s3-o1.txt
2,2,tf32,resident,irregular,0,3,4,400,0.106585000,0.00488066626713,-0.438853089322,2,adaptive-confirm-irregular-tf32-resident-b0-s3-o1.txt
2,2,tf32,resident,irregular,0,3,0,400,0.110578250,0.00498069636524,0,2,adaptive-confirm-irregular-tf32-resident-b0-s3-o2.txt
2,2,tf32,resident,irregular,0,3,1,400,0.107146750,0.00493102520704,0,2,adaptive-confirm-irregular-tf32-resident-b0-s3-o2.txt
2,2,tf32,resident,irregular,0,3,2,400,0.108359750,0.00490888999775,0,2,adaptive-confirm-irregular-tf32-resident-b0-s3-o2.txt
2,2,tf32,resident,irregular,0,3,3,400,0.108152500,0.00489412760362,0,2,adaptive-confirm-irregular-tf32-resident-b0-s3-o2.txt
2,2,tf32,resident,irregular,0,3,4,400,0.108072000,0.00488066626713,-0.438853089322,2,adaptive-confirm-irregular-tf32-resident-b0-s3-o2.txt
0,2,tf32,resident,irregular,0,3,0,400,0.108156000,0.00498069636524,0,2,adaptive-confirm-irregular-tf32-resident-b0-s3-o3.txt
0,2,tf32,resident,irregular,0,3,1,400,0.108643500,0.00493102520704,0,2,adaptive-confirm-irregular-tf32-resident-b0-s3-o3.txt
0,2,tf32,resident,irregular,0,3,2,400,0.107911000,0.00490888999775,0,2,adaptive-confirm-irregular-tf32-resident-b0-s3-o3.txt
0,2,tf32,resident,irregular,0,3,3,400,0.107880500,0.00489412760362,0,2,adaptive-confirm-irregular-tf32-resident-b0-s3-o3.txt
0,2,tf32,resident,irregular,0,3,4,400,0.107212250,0.00488066626713,-0.438853089322,2,adaptive-confirm-irregular-tf32-resident-b0-s3-o3.txt
0,2,tf32,resident,irregular,0,4,0,400,0.107786500,0.00498519232497,0,2,adaptive-confirm-irregular-tf32-resident-b0-s4-o0.txt
0,2,tf32,resident,irregular,0,4,1,400,0.108622750,0.00493843853474,0,2,adaptive-confirm-irregular-tf32-resident-b0-s4-o0.txt
0,2,tf32,resident,irregular,0,4,2,400,0.110648500,0.00492027122527,0,2,adaptive-confirm-irregular-tf32-resident-b0-s4-o0.txt
0,2,tf32,resident,irregular,0,4,3,400,0.106935250,0.0049100718461,0,2,adaptive-confirm-irregular-tf32-resident-b0-s4-o0.txt
0,2,tf32,resident,irregular,0,4,4,400,0.111749250,0.00490193488076,-0.795804572369,2,adaptive-confirm-irregular-tf32-resident-b0-s4-o0.txt
2,2,tf32,resident,irregular,0,4,0,400,0.108832000,0.00498519232497,0,2,adaptive-confirm-irregular-tf32-resident-b0-s4-o1.txt
2,2,tf32,resident,irregular,0,4,1,400,0.108261500,0.00493843853474,0,2,adaptive-confirm-irregular-tf32-resident-b0-s4-o1.txt
2,2,tf32,resident,irregular,0,4,2,400,0.108544000,0.00492027122527,0,2,adaptive-confirm-irregular-tf32-resident-b0-s4-o1.txt
2,2,tf32,resident,irregular,0,4,3,400,0.108892500,0.0049100718461,0,2,adaptive-confirm-irregular-tf32-resident-b0-s4-o1.txt
2,2,tf32,resident,irregular,0,4,4,400,0.107907250,0.00490193488076,-0.795804572369,2,adaptive-confirm-irregular-tf32-resident-b0-s4-o1.txt
2,2,tf32,resident,irregular,0,4,0,400,0.111617000,0.00498519232497,0,2,adaptive-confirm-irregular-tf32-resident-b0-s4-o2.txt
2,2,tf32,resident,irregular,0,4,1,400,0.109261000,0.00493843853474,0,2,adaptive-confirm-irregular-tf32-resident-b0-s4-o2.txt
2,2,tf32,resident,irregular,0,4,2,400,0.109223250,0.00492027122527,0,2,adaptive-confirm-irregular-tf32-resident-b0-s4-o2.txt
2,2,tf32,resident,irregular,0,4,3,400,0.108823000,0.0049100718461,0,2,adaptive-confirm-irregular-tf32-resident-b0-s4-o2.txt
2,2,tf32,resident,irregular,0,4,4,400,0.109937500,0.00490193488076,-0.795804572369,2,adaptive-confirm-irregular-tf32-resident-b0-s4-o2.txt
0,2,tf32,resident,irregular,0,4,0,400,0.107693250,0.00498519232497,0,2,adaptive-confirm-irregular-tf32-resident-b0-s4-o3.txt
0,2,tf32,resident,irregular,0,4,1,400,0.108849000,0.00493843853474,0,2,adaptive-confirm-irregular-tf32-resident-b0-s4-o3.txt
0,2,tf32,resident,irregular,0,4,2,400,0.108345500,0.00492027122527,0,2,adaptive-confirm-irregular-tf32-resident-b0-s4-o3.txt
0,2,tf32,resident,irregular,0,4,3,400,0.109644250,0.0049100718461,0,2,adaptive-confirm-irregular-tf32-resident-b0-s4-o3.txt
0,2,tf32,resident,irregular,0,4,4,400,0.110833250,0.00490193488076,-0.795804572369,2,adaptive-confirm-irregular-tf32-resident-b0-s4-o3.txt
0,2,tf32,resident,irregular,0,5,0,400,0.109324500,0.00497725885361,0,2,adaptive-confirm-irregular-tf32-resident-b0-s5-o0.txt
0,2,tf32,resident,irregular,0,5,1,400,0.107527750,0.00493599567562,0,2,adaptive-confirm-irregular-tf32-resident-b0-s5-o0.txt
0,2,tf32,resident,irregular,0,5,2,400,0.112346750,0.00492000253871,0,2,adaptive-confirm-irregular-tf32-resident-b0-s5-o0.txt
0,2,tf32,resident,irregular,0,5,3,400,0.108792000,0.00491048023105,0,2,adaptive-confirm-irregular-tf32-resident-b0-s5-o0.txt
0,2,tf32,resident,irregular,0,5,4,400,0.107411750,0.00490240985528,0.923722101189,2,adaptive-confirm-irregular-tf32-resident-b0-s5-o0.txt
2,2,tf32,resident,irregular,0,5,0,400,0.115367250,0.00497725885361,0,2,adaptive-confirm-irregular-tf32-resident-b0-s5-o1.txt
2,2,tf32,resident,irregular,0,5,1,400,0.112251750,0.00493599567562,0,2,adaptive-confirm-irregular-tf32-resident-b0-s5-o1.txt
2,2,tf32,resident,irregular,0,5,2,400,0.110424250,0.00492000253871,0,2,adaptive-confirm-irregular-tf32-resident-b0-s5-o1.txt
2,2,tf32,resident,irregular,0,5,3,400,0.113932750,0.00491048023105,0,2,adaptive-confirm-irregular-tf32-resident-b0-s5-o1.txt
2,2,tf32,resident,irregular,0,5,4,400,0.114005250,0.00490240985528,0.923722101189,2,adaptive-confirm-irregular-tf32-resident-b0-s5-o1.txt
2,2,tf32,resident,irregular,0,5,0,400,0.109333250,0.00497725885361,0,2,adaptive-confirm-irregular-tf32-resident-b0-s5-o2.txt
2,2,tf32,resident,irregular,0,5,1,400,0.110833000,0.00493599567562,0,2,adaptive-confirm-irregular-tf32-resident-b0-s5-o2.txt
2,2,tf32,resident,irregular,0,5,2,400,0.112087500,0.00492000253871,0,2,adaptive-confirm-irregular-tf32-resident-b0-s5-o2.txt
2,2,tf32,resident,irregular,0,5,3,400,0.107610250,0.00491048023105,0,2,adaptive-confirm-irregular-tf32-resident-b0-s5-o2.txt
2,2,tf32,resident,irregular,0,5,4,400,0.107753000,0.00490240985528,0.923722101189,2,adaptive-confirm-irregular-tf32-resident-b0-s5-o2.txt
0,2,tf32,resident,irregular,0,5,0,400,0.107116500,0.00497725885361,0,2,adaptive-confirm-irregular-tf32-resident-b0-s5-o3.txt
0,2,tf32,resident,irregular,0,5,1,400,0.108101500,0.00493599567562,0,2,adaptive-confirm-irregular-tf32-resident-b0-s5-o3.txt
0,2,tf32,resident,irregular,0,5,2,400,0.108366500,0.00492000253871,0,2,adaptive-confirm-irregular-tf32-resident-b0-s5-o3.txt
0,2,tf32,resident,irregular,0,5,3,400,0.108477750,0.00491048023105,0,2,adaptive-confirm-irregular-tf32-resident-b0-s5-o3.txt
0,2,tf32,resident,irregular,0,5,4,400,0.111141250,0.00490240985528,0.923722101189,2,adaptive-confirm-irregular-tf32-resident-b0-s5-o3.txt
0,2,tf32,resident,irregular,1,3,0,400,0.121664000,0.00497795734555,0,2,adaptive-confirm-irregular-tf32-resident-b1-s3-o0.txt
0,2,tf32,resident,irregular,1,3,1,400,0.122950750,0.00492957886308,0,2,adaptive-confirm-irregular-tf32-resident-b1-s3-o0.txt
0,2,tf32,resident,irregular,1,3,2,400,0.123469000,0.00490789115429,0,2,adaptive-confirm-irregular-tf32-resident-b1-s3-o0.txt
0,2,tf32,resident,irregular,1,3,3,400,0.120707250,0.00489317299798,0,2,adaptive-confirm-irregular-tf32-resident-b1-s3-o0.txt
0,2,tf32,resident,irregular,1,3,4,400,0.123777750,0.00487957475707,-0.384939861475,2,adaptive-confirm-irregular-tf32-resident-b1-s3-o0.txt
2,2,tf32,resident,irregular,1,3,0,400,0.120047750,0.00497795734555,0,2,adaptive-confirm-irregular-tf32-resident-b1-s3-o1.txt
2,2,tf32,resident,irregular,1,3,1,400,0.120421000,0.00492957886308,0,2,adaptive-confirm-irregular-tf32-resident-b1-s3-o1.txt
2,2,tf32,resident,irregular,1,3,2,400,0.122028750,0.00490789115429,0,2,adaptive-confirm-irregular-tf32-resident-b1-s3-o1.txt
2,2,tf32,resident,irregular,1,3,3,400,0.122593500,0.00489317299798,0,2,adaptive-confirm-irregular-tf32-resident-b1-s3-o1.txt
2,2,tf32,resident,irregular,1,3,4,400,0.127624500,0.00487957475707,-0.384939861475,2,adaptive-confirm-irregular-tf32-resident-b1-s3-o1.txt
2,2,tf32,resident,irregular,1,3,0,400,0.119964250,0.00497795734555,0,2,adaptive-confirm-irregular-tf32-resident-b1-s3-o2.txt
2,2,tf32,resident,irregular,1,3,1,400,0.121012750,0.00492957886308,0,2,adaptive-confirm-irregular-tf32-resident-b1-s3-o2.txt
2,2,tf32,resident,irregular,1,3,2,400,0.120383000,0.00490789115429,0,2,adaptive-confirm-irregular-tf32-resident-b1-s3-o2.txt
2,2,tf32,resident,irregular,1,3,3,400,0.119761000,0.00489317299798,0,2,adaptive-confirm-irregular-tf32-resident-b1-s3-o2.txt
2,2,tf32,resident,irregular,1,3,4,400,0.122375750,0.00487957475707,-0.384939861475,2,adaptive-confirm-irregular-tf32-resident-b1-s3-o2.txt
0,2,tf32,resident,irregular,1,3,0,400,0.125089250,0.00497795734555,0,2,adaptive-confirm-irregular-tf32-resident-b1-s3-o3.txt
0,2,tf32,resident,irregular,1,3,1,400,0.121936250,0.00492957886308,0,2,adaptive-confirm-irregular-tf32-resident-b1-s3-o3.txt
0,2,tf32,resident,irregular,1,3,2,400,0.121284750,0.00490789115429,0,2,adaptive-confirm-irregular-tf32-resident-b1-s3-o3.txt
0,2,tf32,resident,irregular,1,3,3,400,0.120972000,0.00489317299798,0,2,adaptive-confirm-irregular-tf32-resident-b1-s3-o3.txt
0,2,tf32,resident,irregular,1,3,4,400,0.121034750,0.00487957475707,-0.384939861475,2,adaptive-confirm-irregular-tf32-resident-b1-s3-o3.txt
0,2,tf32,resident,irregular,1,4,0,400,0.121403500,0.0049848491326,0,2,adaptive-confirm-irregular-tf32-resident-b1-s4-o0.txt
0,2,tf32,resident,irregular,1,4,1,400,0.123838000,0.00493827043101,0,2,adaptive-confirm-irregular-tf32-resident-b1-s4-o0.txt
0,2,tf32,resident,irregular,1,4,2,400,0.123468750,0.00492022745311,0,2,adaptive-confirm-irregular-tf32-resident-b1-s4-o0.txt
0,2,tf32,resident,irregular,1,4,3,400,0.121033750,0.00491007138044,0,2,adaptive-confirm-irregular-tf32-resident-b1-s4-o0.txt
0,2,tf32,resident,irregular,1,4,4,400,0.123408000,0.00490192696452,-0.74398496579,2,adaptive-confirm-irregular-tf32-resident-b1-s4-o0.txt
2,2,tf32,resident,irregular,1,4,0,400,0.120166500,0.0049848491326,0,2,adaptive-confirm-irregular-tf32-resident-b1-s4-o1.txt
2,2,tf32,resident,irregular,1,4,1,400,0.120610250,0.00493827043101,0,2,adaptive-confirm-irregular-tf32-resident-b1-s4-o1.txt
2,2,tf32,resident,irregular,1,4,2,400,0.121405250,0.00492022745311,0,2,adaptive-confirm-irregular-tf32-resident-b1-s4-o1.txt
2,2,tf32,resident,irregular,1,4,3,400,0.120545250,0.00491007138044,0,2,adaptive-confirm-irregular-tf32-resident-b1-s4-o1.txt
2,2,tf32,resident,irregular,1,4,4,400,0.120938000,0.00490192696452,-0.74398496579,2,adaptive-confirm-irregular-tf32-resident-b1-s4-o1.txt
2,2,tf32,resident,irregular,1,4,0,400,0.120108500,0.0049848491326,0,2,adaptive-confirm-irregular-tf32-resident-b1-s4-o2.txt
2,2,tf32,resident,irregular,1,4,1,400,0.123963000,0.00493827043101,0,2,adaptive-confirm-irregular-tf32-resident-b1-s4-o2.txt
2,2,tf32,resident,irregular,1,4,2,400,0.122107750,0.00492022745311,0,2,adaptive-confirm-irregular-tf32-resident-b1-s4-o2.txt
2,2,tf32,resident,irregular,1,4,3,400,0.121238750,0.00491007138044,0,2,adaptive-confirm-irregular-tf32-resident-b1-s4-o2.txt
2,2,tf32,resident,irregular,1,4,4,400,0.126703250,0.00490192696452,-0.74398496579,2,adaptive-confirm-irregular-tf32-resident-b1-s4-o2.txt
0,2,tf32,resident,irregular,1,4,0,400,0.123538250,0.0049848491326,0,2,adaptive-confirm-irregular-tf32-resident-b1-s4-o3.txt
0,2,tf32,resident,irregular,1,4,1,400,0.129469500,0.00493827043101,0,2,adaptive-confirm-irregular-tf32-resident-b1-s4-o3.txt
0,2,tf32,resident,irregular,1,4,2,400,0.121320750,0.00492022745311,0,2,adaptive-confirm-irregular-tf32-resident-b1-s4-o3.txt
0,2,tf32,resident,irregular,1,4,3,400,0.120690750,0.00491007138044,0,2,adaptive-confirm-irregular-tf32-resident-b1-s4-o3.txt
0,2,tf32,resident,irregular,1,4,4,400,0.120827500,0.00490192696452,-0.74398496579,2,adaptive-confirm-irregular-tf32-resident-b1-s4-o3.txt
0,2,tf32,resident,irregular,1,5,0,400,0.119914000,0.00497772404924,0,2,adaptive-confirm-irregular-tf32-resident-b1-s5-o0.txt
0,2,tf32,resident,irregular,1,5,1,400,0.121027750,0.00493603991345,0,2,adaptive-confirm-irregular-tf32-resident-b1-s5-o0.txt
0,2,tf32,resident,irregular,1,5,2,400,0.121262750,0.004920006264,0,2,adaptive-confirm-irregular-tf32-resident-b1-s5-o0.txt
0,2,tf32,resident,irregular,1,5,3,400,0.120729250,0.00491051608697,0,2,adaptive-confirm-irregular-tf32-resident-b1-s5-o0.txt
0,2,tf32,resident,irregular,1,5,4,400,0.121977750,0.00490249460563,0.958736347295,2,adaptive-confirm-irregular-tf32-resident-b1-s5-o0.txt
2,2,tf32,resident,irregular,1,5,0,400,0.119555250,0.00497772404924,0,2,adaptive-confirm-irregular-tf32-resident-b1-s5-o1.txt
2,2,tf32,resident,irregular,1,5,1,400,0.121422000,0.00493603991345,0,2,adaptive-confirm-irregular-tf32-resident-b1-s5-o1.txt
2,2,tf32,resident,irregular,1,5,2,400,0.122162750,0.004920006264,0,2,adaptive-confirm-irregular-tf32-resident-b1-s5-o1.txt
2,2,tf32,resident,irregular,1,5,3,400,0.120865500,0.00491051608697,0,2,adaptive-confirm-irregular-tf32-resident-b1-s5-o1.txt
2,2,tf32,resident,irregular,1,5,4,400,0.121961750,0.00490249460563,0.958736347295,2,adaptive-confirm-irregular-tf32-resident-b1-s5-o1.txt
2,2,tf32,resident,irregular,1,5,0,400,0.121824250,0.00497772404924,0,2,adaptive-confirm-irregular-tf32-resident-b1-s5-o2.txt
2,2,tf32,resident,irregular,1,5,1,400,0.124666250,0.00493603991345,0,2,adaptive-confirm-irregular-tf32-resident-b1-s5-o2.txt
2,2,tf32,resident,irregular,1,5,2,400,0.122653250,0.004920006264,0,2,adaptive-confirm-irregular-tf32-resident-b1-s5-o2.txt
2,2,tf32,resident,irregular,1,5,3,400,0.121714750,0.00491051608697,0,2,adaptive-confirm-irregular-tf32-resident-b1-s5-o2.txt
2,2,tf32,resident,irregular,1,5,4,400,0.121347500,0.00490249460563,0.958736347295,2,adaptive-confirm-irregular-tf32-resident-b1-s5-o2.txt
0,2,tf32,resident,irregular,1,5,0,400,0.120849750,0.00497772404924,0,2,adaptive-confirm-irregular-tf32-resident-b1-s5-o3.txt
0,2,tf32,resident,irregular,1,5,1,400,0.121213750,0.00493603991345,0,2,adaptive-confirm-irregular-tf32-resident-b1-s5-o3.txt
0,2,tf32,resident,irregular,1,5,2,400,0.121862750,0.004920006264,0,2,adaptive-confirm-irregular-tf32-resident-b1-s5-o3.txt
0,2,tf32,resident,irregular,1,5,3,400,0.119650250,0.00491051608697,0,2,adaptive-confirm-irregular-tf32-resident-b1-s5-o3.txt
0,2,tf32,resident,irregular,1,5,4,400,0.119691750,0.00490249460563,0.958736347295,2,adaptive-confirm-irregular-tf32-resident-b1-s5-o3.txt
0,2,f32,host,small,0,3,0,300,0.359983000,0.00501143326983,0,2,adaptive-confirm-small-f32-host-b0-s3-o0.txt
0,2,f32,host,small,0,3,1,300,0.366292333,0.00501056946814,0,2,adaptive-confirm-small-f32-host-b0-s3-o0.txt
0,2,f32,host,small,0,3,2,300,0.364997000,0.00500981649384,0,2,adaptive-confirm-small-f32-host-b0-s3-o0.txt
0,2,f32,host,small,0,3,3,300,0.358727333,0.00500915478915,0,2,adaptive-confirm-small-f32-host-b0-s3-o0.txt
0,2,f32,host,small,0,3,4,300,0.361571667,0.00500856759027,-0.466296381311,2,adaptive-confirm-small-f32-host-b0-s3-o0.txt
2,2,f32,host,small,0,3,0,300,0.376104000,0.00501143326983,0,2,adaptive-confirm-small-f32-host-b0-s3-o1.txt
2,2,f32,host,small,0,3,1,300,0.376273333,0.00501056946814,0,2,adaptive-confirm-small-f32-host-b0-s3-o1.txt
2,2,f32,host,small,0,3,2,300,0.372544667,0.00500981649384,0,2,adaptive-confirm-small-f32-host-b0-s3-o1.txt
2,2,f32,host,small,0,3,3,300,0.374505333,0.00500915478915,0,2,adaptive-confirm-small-f32-host-b0-s3-o1.txt
2,2,f32,host,small,0,3,4,300,0.359112333,0.00500856759027,-0.466296381311,2,adaptive-confirm-small-f32-host-b0-s3-o1.txt
2,2,f32,host,small,0,3,0,300,0.356439333,0.00501143326983,0,2,adaptive-confirm-small-f32-host-b0-s3-o2.txt
2,2,f32,host,small,0,3,1,300,0.360725667,0.00501056946814,0,2,adaptive-confirm-small-f32-host-b0-s3-o2.txt
2,2,f32,host,small,0,3,2,300,0.365676333,0.00500981649384,0,2,adaptive-confirm-small-f32-host-b0-s3-o2.txt
2,2,f32,host,small,0,3,3,300,0.364530333,0.00500915478915,0,2,adaptive-confirm-small-f32-host-b0-s3-o2.txt
2,2,f32,host,small,0,3,4,300,0.355393000,0.00500856759027,-0.466296381311,2,adaptive-confirm-small-f32-host-b0-s3-o2.txt
0,2,f32,host,small,0,3,0,300,0.357436667,0.00501143326983,0,2,adaptive-confirm-small-f32-host-b0-s3-o3.txt
0,2,f32,host,small,0,3,1,300,0.364985333,0.00501056946814,0,2,adaptive-confirm-small-f32-host-b0-s3-o3.txt
0,2,f32,host,small,0,3,2,300,0.365285000,0.00500981649384,0,2,adaptive-confirm-small-f32-host-b0-s3-o3.txt
0,2,f32,host,small,0,3,3,300,0.355248667,0.00500915478915,0,2,adaptive-confirm-small-f32-host-b0-s3-o3.txt
0,2,f32,host,small,0,3,4,300,0.363426000,0.00500856759027,-0.466296381311,2,adaptive-confirm-small-f32-host-b0-s3-o3.txt
0,2,f32,host,small,0,4,0,300,0.359137000,0.00501091126353,0,2,adaptive-confirm-small-f32-host-b0-s4-o0.txt
0,2,f32,host,small,0,4,1,300,0.369905333,0.00501007400453,0,2,adaptive-confirm-small-f32-host-b0-s4-o0.txt
0,2,f32,host,small,0,4,2,300,0.366001667,0.00500936293975,0,2,adaptive-confirm-small-f32-host-b0-s4-o0.txt
0,2,f32,host,small,0,4,3,300,0.357576000,0.0050087524578,0,2,adaptive-confirm-small-f32-host-b0-s4-o0.txt
0,2,f32,host,small,0,4,4,300,0.362816333,0.00500822160393,-0.798698592928,2,adaptive-confirm-small-f32-host-b0-s4-o0.txt
2,2,f32,host,small,0,4,0,300,0.363840000,0.00501091126353,0,2,adaptive-confirm-small-f32-host-b0-s4-o1.txt
2,2,f32,host,small,0,4,1,300,0.365412000,0.00501007400453,0,2,adaptive-confirm-small-f32-host-b0-s4-o1.txt
2,2,f32,host,small,0,4,2,300,0.359786000,0.00500936293975,0,2,adaptive-confirm-small-f32-host-b0-s4-o1.txt
2,2,f32,host,small,0,4,3,300,0.357401667,0.0050087524578,0,2,adaptive-confirm-small-f32-host-b0-s4-o1.txt
2,2,f32,host,small,0,4,4,300,0.352399000,0.00500822160393,-0.798698592928,2,adaptive-confirm-small-f32-host-b0-s4-o1.txt
2,2,f32,host,small,0,4,0,300,0.360542333,0.00501091126353,0,2,adaptive-confirm-small-f32-host-b0-s4-o2.txt
2,2,f32,host,small,0,4,1,300,0.353945000,0.00501007400453,0,2,adaptive-confirm-small-f32-host-b0-s4-o2.txt
2,2,f32,host,small,0,4,2,300,0.360072000,0.00500936293975,0,2,adaptive-confirm-small-f32-host-b0-s4-o2.txt
2,2,f32,host,small,0,4,3,300,0.354517000,0.0050087524578,0,2,adaptive-confirm-small-f32-host-b0-s4-o2.txt
2,2,f32,host,small,0,4,4,300,0.362983667,0.00500822160393,-0.798698592928,2,adaptive-confirm-small-f32-host-b0-s4-o2.txt
0,2,f32,host,small,0,4,0,300,0.363535667,0.00501091126353,0,2,adaptive-confirm-small-f32-host-b0-s4-o3.txt
0,2,f32,host,small,0,4,1,300,0.363761333,0.00501007400453,0,2,adaptive-confirm-small-f32-host-b0-s4-o3.txt
0,2,f32,host,small,0,4,2,300,0.356817667,0.00500936293975,0,2,adaptive-confirm-small-f32-host-b0-s4-o3.txt
0,2,f32,host,small,0,4,3,300,0.363418333,0.0050087524578,0,2,adaptive-confirm-small-f32-host-b0-s4-o3.txt
0,2,f32,host,small,0,4,4,300,0.360848000,0.00500822160393,-0.798698592928,2,adaptive-confirm-small-f32-host-b0-s4-o3.txt
0,2,f32,host,small,0,5,0,300,0.367132000,0.00501106493175,0,2,adaptive-confirm-small-f32-host-b0-s5-o0.txt
0,2,f32,host,small,0,5,1,300,0.364170000,0.00501031102613,0,2,adaptive-confirm-small-f32-host-b0-s5-o0.txt
0,2,f32,host,small,0,5,2,300,0.362150000,0.00500964652747,0,2,adaptive-confirm-small-f32-host-b0-s5-o0.txt
0,2,f32,host,small,0,5,3,300,0.355815333,0.00500905886292,0,2,adaptive-confirm-small-f32-host-b0-s5-o0.txt
0,2,f32,host,small,0,5,4,300,0.362107000,0.00500853313133,0.4592048836,2,adaptive-confirm-small-f32-host-b0-s5-o0.txt
2,2,f32,host,small,0,5,0,300,0.359258333,0.00501106493175,0,2,adaptive-confirm-small-f32-host-b0-s5-o1.txt
2,2,f32,host,small,0,5,1,300,0.354125000,0.00501031102613,0,2,adaptive-confirm-small-f32-host-b0-s5-o1.txt
2,2,f32,host,small,0,5,2,300,0.359940333,0.00500964652747,0,2,adaptive-confirm-small-f32-host-b0-s5-o1.txt
2,2,f32,host,small,0,5,3,300,0.357573000,0.00500905886292,0,2,adaptive-confirm-small-f32-host-b0-s5-o1.txt
2,2,f32,host,small,0,5,4,300,0.353000000,0.00500853313133,0.4592048836,2,adaptive-confirm-small-f32-host-b0-s5-o1.txt
2,2,f32,host,small,0,5,0,300,0.353434667,0.00501106493175,0,2,adaptive-confirm-small-f32-host-b0-s5-o2.txt
2,2,f32,host,small,0,5,1,300,0.355044667,0.00501031102613,0,2,adaptive-confirm-small-f32-host-b0-s5-o2.txt
2,2,f32,host,small,0,5,2,300,0.352738000,0.00500964652747,0,2,adaptive-confirm-small-f32-host-b0-s5-o2.txt
2,2,f32,host,small,0,5,3,300,0.363918000,0.00500905886292,0,2,adaptive-confirm-small-f32-host-b0-s5-o2.txt
2,2,f32,host,small,0,5,4,300,0.354741333,0.00500853313133,0.4592048836,2,adaptive-confirm-small-f32-host-b0-s5-o2.txt
0,2,f32,host,small,0,5,0,300,0.357763667,0.00501106493175,0,2,adaptive-confirm-small-f32-host-b0-s5-o3.txt
0,2,f32,host,small,0,5,1,300,0.363411000,0.00501031102613,0,2,adaptive-confirm-small-f32-host-b0-s5-o3.txt
0,2,f32,host,small,0,5,2,300,0.361571333,0.00500964652747,0,2,adaptive-confirm-small-f32-host-b0-s5-o3.txt
0,2,f32,host,small,0,5,3,300,0.357795333,0.00500905886292,0,2,adaptive-confirm-small-f32-host-b0-s5-o3.txt
0,2,f32,host,small,0,5,4,300,0.354788000,0.00500853313133,0.4592048836,2,adaptive-confirm-small-f32-host-b0-s5-o3.txt
0,2,f32,host,small,1,3,0,300,0.410172667,0.00501145515591,0,2,adaptive-confirm-small-f32-host-b1-s3-o0.txt
0,2,f32,host,small,1,3,1,300,0.412616667,0.00501051917672,0,2,adaptive-confirm-small-f32-host-b1-s3-o0.txt
0,2,f32,host,small,1,3,2,300,0.411648667,0.00500970939174,0,2,adaptive-confirm-small-f32-host-b1-s3-o0.txt
0,2,f32,host,small,1,3,3,300,0.401484333,0.00500900717452,0,2,adaptive-confirm-small-f32-host-b1-s3-o0.txt
0,2,f32,host,small,1,3,4,300,0.401529333,0.00500838831067,-0.431882293303,2,adaptive-confirm-small-f32-host-b1-s3-o0.txt
2,2,f32,host,small,1,3,0,300,0.400919667,0.00501145515591,0,2,adaptive-confirm-small-f32-host-b1-s3-o1.txt
2,2,f32,host,small,1,3,1,300,0.400472333,0.00501051917672,0,2,adaptive-confirm-small-f32-host-b1-s3-o1.txt
2,2,f32,host,small,1,3,2,300,0.404116000,0.00500970939174,0,2,adaptive-confirm-small-f32-host-b1-s3-o1.txt
2,2,f32,host,small,1,3,3,300,0.411254000,0.00500900717452,0,2,adaptive-confirm-small-f32-host-b1-s3-o1.txt
2,2,f32,host,small,1,3,4,300,0.408574333,0.00500838831067,-0.431882293303,2,adaptive-confirm-small-f32-host-b1-s3-o1.txt
2,2,f32,host,small,1,3,0,300,0.403948333,0.00501145515591,0,2,adaptive-confirm-small-f32-host-b1-s3-o2.txt
2,2,f32,host,small,1,3,1,300,0.404305667,0.00501051917672,0,2,adaptive-confirm-small-f32-host-b1-s3-o2.txt
2,2,f32,host,small,1,3,2,300,0.404344667,0.00500970939174,0,2,adaptive-confirm-small-f32-host-b1-s3-o2.txt
2,2,f32,host,small,1,3,3,300,0.408045667,0.00500900717452,0,2,adaptive-confirm-small-f32-host-b1-s3-o2.txt
2,2,f32,host,small,1,3,4,300,0.406938667,0.00500838831067,-0.431882293303,2,adaptive-confirm-small-f32-host-b1-s3-o2.txt
0,2,f32,host,small,1,3,0,300,0.406967667,0.00501145515591,0,2,adaptive-confirm-small-f32-host-b1-s3-o3.txt
0,2,f32,host,small,1,3,1,300,0.403189000,0.00501051917672,0,2,adaptive-confirm-small-f32-host-b1-s3-o3.txt
0,2,f32,host,small,1,3,2,300,0.412259000,0.00500970939174,0,2,adaptive-confirm-small-f32-host-b1-s3-o3.txt
0,2,f32,host,small,1,3,3,300,0.403147667,0.00500900717452,0,2,adaptive-confirm-small-f32-host-b1-s3-o3.txt
0,2,f32,host,small,1,3,4,300,0.409250333,0.00500838831067,-0.431882293303,2,adaptive-confirm-small-f32-host-b1-s3-o3.txt
0,2,f32,host,small,1,4,0,300,0.408900667,0.00501118926331,0,2,adaptive-confirm-small-f32-host-b1-s4-o0.txt
0,2,f32,host,small,1,4,1,300,0.409341000,0.00501028448343,0,2,adaptive-confirm-small-f32-host-b1-s4-o0.txt
0,2,f32,host,small,1,4,2,300,0.406954333,0.00500953104347,0,2,adaptive-confirm-small-f32-host-b1-s4-o0.txt
0,2,f32,host,small,1,4,3,300,0.411253333,0.00500889029354,0,2,adaptive-confirm-small-f32-host-b1-s4-o0.txt
0,2,f32,host,small,1,4,4,300,0.405411333,0.00500834081322,-0.772337443128,2,adaptive-confirm-small-f32-host-b1-s4-o0.txt
2,2,f32,host,small,1,4,0,300,0.403675000,0.00501118926331,0,2,adaptive-confirm-small-f32-host-b1-s4-o1.txt
2,2,f32,host,small,1,4,1,300,0.403377000,0.00501028448343,0,2,adaptive-confirm-small-f32-host-b1-s4-o1.txt
2,2,f32,host,small,1,4,2,300,0.397817667,0.00500953104347,0,2,adaptive-confirm-small-f32-host-b1-s4-o1.txt
2,2,f32,host,small,1,4,3,300,0.401704667,0.00500889029354,0,2,adaptive-confirm-small-f32-host-b1-s4-o1.txt
2,2,f32,host,small,1,4,4,300,0.398843000,0.00500834081322,-0.772337443128,2,adaptive-confirm-small-f32-host-b1-s4-o1.txt
2,2,f32,host,small,1,4,0,300,0.403682667,0.00501118926331,0,2,adaptive-confirm-small-f32-host-b1-s4-o2.txt
2,2,f32,host,small,1,4,1,300,0.404522000,0.00501028448343,0,2,adaptive-confirm-small-f32-host-b1-s4-o2.txt
2,2,f32,host,small,1,4,2,300,0.406805667,0.00500953104347,0,2,adaptive-confirm-small-f32-host-b1-s4-o2.txt
2,2,f32,host,small,1,4,3,300,0.404907000,0.00500889029354,0,2,adaptive-confirm-small-f32-host-b1-s4-o2.txt
2,2,f32,host,small,1,4,4,300,0.400205667,0.00500834081322,-0.772337443128,2,adaptive-confirm-small-f32-host-b1-s4-o2.txt
0,2,f32,host,small,1,4,0,300,0.403169333,0.00501118926331,0,2,adaptive-confirm-small-f32-host-b1-s4-o3.txt
0,2,f32,host,small,1,4,1,300,0.408903333,0.00501028448343,0,2,adaptive-confirm-small-f32-host-b1-s4-o3.txt
0,2,f32,host,small,1,4,2,300,0.403113000,0.00500953104347,0,2,adaptive-confirm-small-f32-host-b1-s4-o3.txt
0,2,f32,host,small,1,4,3,300,0.401168333,0.00500889029354,0,2,adaptive-confirm-small-f32-host-b1-s4-o3.txt
0,2,f32,host,small,1,4,4,300,0.406313333,0.00500834081322,-0.772337443128,2,adaptive-confirm-small-f32-host-b1-s4-o3.txt
0,2,f32,host,small,1,5,0,300,0.403042333,0.00501123070717,0,2,adaptive-confirm-small-f32-host-b1-s5-o0.txt
0,2,f32,host,small,1,5,1,300,0.412903667,0.00501040415838,0,2,adaptive-confirm-small-f32-host-b1-s5-o0.txt
0,2,f32,host,small,1,5,2,300,0.412297667,0.00500968378037,0,2,adaptive-confirm-small-f32-host-b1-s5-o0.txt
0,2,f32,host,small,1,5,3,300,0.408631667,0.00500905280933,0,2,adaptive-confirm-small-f32-host-b1-s5-o0.txt
0,2,f32,host,small,1,5,4,300,0.414760000,0.00500849401578,0.484142337662,2,adaptive-confirm-small-f32-host-b1-s5-o0.txt
2,2,f32,host,small,1,5,0,300,0.401848667,0.00501123070717,0,2,adaptive-confirm-small-f32-host-b1-s5-o1.txt
2,2,f32,host,small,1,5,1,300,0.407811333,0.00501040415838,0,2,adaptive-confirm-small-f32-host-b1-s5-o1.txt
2,2,f32,host,small,1,5,2,300,0.400654000,0.00500968378037,0,2,adaptive-confirm-small-f32-host-b1-s5-o1.txt
2,2,f32,host,small,1,5,3,300,0.405439667,0.00500905280933,0,2,adaptive-confirm-small-f32-host-b1-s5-o1.txt
2,2,f32,host,small,1,5,4,300,0.403760000,0.00500849401578,0.484142337662,2,adaptive-confirm-small-f32-host-b1-s5-o1.txt
2,2,f32,host,small,1,5,0,300,0.400708333,0.00501123070717,0,2,adaptive-confirm-small-f32-host-b1-s5-o2.txt
2,2,f32,host,small,1,5,1,300,0.402379333,0.00501040415838,0,2,adaptive-confirm-small-f32-host-b1-s5-o2.txt
2,2,f32,host,small,1,5,2,300,0.397028667,0.00500968378037,0,2,adaptive-confirm-small-f32-host-b1-s5-o2.txt
2,2,f32,host,small,1,5,3,300,0.405496333,0.00500905280933,0,2,adaptive-confirm-small-f32-host-b1-s5-o2.txt
2,2,f32,host,small,1,5,4,300,0.408924333,0.00500849401578,0.484142337662,2,adaptive-confirm-small-f32-host-b1-s5-o2.txt
0,2,f32,host,small,1,5,0,300,0.407924000,0.00501123070717,0,2,adaptive-confirm-small-f32-host-b1-s5-o3.txt
0,2,f32,host,small,1,5,1,300,0.402432333,0.00501040415838,0,2,adaptive-confirm-small-f32-host-b1-s5-o3.txt
0,2,f32,host,small,1,5,2,300,0.400840000,0.00500968378037,0,2,adaptive-confirm-small-f32-host-b1-s5-o3.txt
0,2,f32,host,small,1,5,3,300,0.408453667,0.00500905280933,0,2,adaptive-confirm-small-f32-host-b1-s5-o3.txt
0,2,f32,host,small,1,5,4,300,0.408161000,0.00500849401578,0.484142337662,2,adaptive-confirm-small-f32-host-b1-s5-o3.txt
0,2,f32,resident,small,0,3,0,300,0.163278667,0.00501021789387,0,2,adaptive-confirm-small-f32-resident-b0-s3-o0.txt
0,2,f32,resident,small,0,3,1,300,0.162018000,0.00500871799886,0,2,adaptive-confirm-small-f32-resident-b0-s3-o0.txt
0,2,f32,resident,small,0,3,2,300,0.162639667,0.00500749796629,0,2,adaptive-confirm-small-f32-resident-b0-s3-o0.txt
0,2,f32,resident,small,0,3,3,300,0.161621667,0.00500649120659,0,2,adaptive-confirm-small-f32-resident-b0-s3-o0.txt
0,2,f32,resident,small,0,3,4,300,0.165388000,0.00500564975664,-0.462002637085,2,adaptive-confirm-small-f32-resident-b0-s3-o0.txt
2,2,f32,resident,small,0,3,0,300,0.157140667,0.00501021789387,0,2,adaptive-confirm-small-f32-resident-b0-s3-o1.txt
2,2,f32,resident,small,0,3,1,300,0.157851667,0.00500871799886,0,2,adaptive-confirm-small-f32-resident-b0-s3-o1.txt
2,2,f32,resident,small,0,3,2,300,0.157883333,0.00500749796629,0,2,adaptive-confirm-small-f32-resident-b0-s3-o1.txt
2,2,f32,resident,small,0,3,3,300,0.158207667,0.00500649120659,0,2,adaptive-confirm-small-f32-resident-b0-s3-o1.txt
2,2,f32,resident,small,0,3,4,300,0.158213667,0.00500564975664,-0.462002637085,2,adaptive-confirm-small-f32-resident-b0-s3-o1.txt
2,2,f32,resident,small,0,3,0,300,0.156869333,0.00501021789387,0,2,adaptive-confirm-small-f32-resident-b0-s3-o2.txt
2,2,f32,resident,small,0,3,1,300,0.161499667,0.00500871799886,0,2,adaptive-confirm-small-f32-resident-b0-s3-o2.txt
2,2,f32,resident,small,0,3,2,300,0.157503333,0.00500749796629,0,2,adaptive-confirm-small-f32-resident-b0-s3-o2.txt
2,2,f32,resident,small,0,3,3,300,0.160519667,0.00500649120659,0,2,adaptive-confirm-small-f32-resident-b0-s3-o2.txt
2,2,f32,resident,small,0,3,4,300,0.157887333,0.00500564975664,-0.462002637085,2,adaptive-confirm-small-f32-resident-b0-s3-o2.txt
0,2,f32,resident,small,0,3,0,300,0.166175667,0.00501021789387,0,2,adaptive-confirm-small-f32-resident-b0-s3-o3.txt
0,2,f32,resident,small,0,3,1,300,0.170050333,0.00500871799886,0,2,adaptive-confirm-small-f32-resident-b0-s3-o3.txt
0,2,f32,resident,small,0,3,2,300,0.162237333,0.00500749796629,0,2,adaptive-confirm-small-f32-resident-b0-s3-o3.txt
0,2,f32,resident,small,0,3,3,300,0.167219333,0.00500649120659,0,2,adaptive-confirm-small-f32-resident-b0-s3-o3.txt
0,2,f32,resident,small,0,3,4,300,0.164319000,0.00500564975664,-0.462002637085,2,adaptive-confirm-small-f32-resident-b0-s3-o3.txt
0,2,f32,resident,small,0,4,0,300,0.159925000,0.00500889495015,0,2,adaptive-confirm-small-f32-resident-b0-s4-o0.txt
0,2,f32,resident,small,0,4,1,300,0.162460000,0.00500775966793,0,2,adaptive-confirm-small-f32-resident-b0-s4-o0.txt
0,2,f32,resident,small,0,4,2,300,0.160109333,0.00500683067366,0,2,adaptive-confirm-small-f32-resident-b0-s4-o0.txt
0,2,f32,resident,small,0,4,3,300,0.161547000,0.00500605721027,0,2,adaptive-confirm-small-f32-resident-b0-s4-o0.txt
0,2,f32,resident,small,0,4,4,300,0.161369667,0.00500540807843,-0.806190459803,2,adaptive-confirm-small-f32-resident-b0-s4-o0.txt
2,2,f32,resident,small,0,4,0,300,0.157317333,0.00500889495015,0,2,adaptive-confirm-small-f32-resident-b0-s4-o1.txt
2,2,f32,resident,small,0,4,1,300,0.158099333,0.00500775966793,0,2,adaptive-confirm-small-f32-resident-b0-s4-o1.txt
2,2,f32,resident,small,0,4,2,300,0.156428667,0.00500683067366,0,2,adaptive-confirm-small-f32-resident-b0-s4-o1.txt
2,2,f32,resident,small,0,4,3,300,0.157243000,0.00500605721027,0,2,adaptive-confirm-small-f32-resident-b0-s4-o1.txt
2,2,f32,resident,small,0,4,4,300,0.157390667,0.00500540807843,-0.806190459803,2,adaptive-confirm-small-f32-resident-b0-s4-o1.txt
2,2,f32,resident,small,0,4,0,300,0.160112000,0.00500889495015,0,2,adaptive-confirm-small-f32-resident-b0-s4-o2.txt
2,2,f32,resident,small,0,4,1,300,0.161909667,0.00500775966793,0,2,adaptive-confirm-small-f32-resident-b0-s4-o2.txt
2,2,f32,resident,small,0,4,2,300,0.160656333,0.00500683067366,0,2,adaptive-confirm-small-f32-resident-b0-s4-o2.txt
2,2,f32,resident,small,0,4,3,300,0.162865333,0.00500605721027,0,2,adaptive-confirm-small-f32-resident-b0-s4-o2.txt
2,2,f32,resident,small,0,4,4,300,0.157989667,0.00500540807843,-0.806190459803,2,adaptive-confirm-small-f32-resident-b0-s4-o2.txt
0,2,f32,resident,small,0,4,0,300,0.162977667,0.00500889495015,0,2,adaptive-confirm-small-f32-resident-b0-s4-o3.txt
0,2,f32,resident,small,0,4,1,300,0.161393667,0.00500775966793,0,2,adaptive-confirm-small-f32-resident-b0-s4-o3.txt
0,2,f32,resident,small,0,4,2,300,0.171167667,0.00500683067366,0,2,adaptive-confirm-small-f32-resident-b0-s4-o3.txt
0,2,f32,resident,small,0,4,3,300,0.159908000,0.00500605721027,0,2,adaptive-confirm-small-f32-resident-b0-s4-o3.txt
0,2,f32,resident,small,0,4,4,300,0.159522000,0.00500540807843,-0.806190459803,2,adaptive-confirm-small-f32-resident-b0-s4-o3.txt
0,2,f32,resident,small,0,5,0,300,0.160047333,0.00500984722748,0,2,adaptive-confirm-small-f32-resident-b0-s5-o0.txt
0,2,f32,resident,small,0,5,1,300,0.160158667,0.00500876037404,0,2,adaptive-confirm-small-f32-resident-b0-s5-o0.txt
0,2,f32,resident,small,0,5,2,300,0.164500000,0.00500785140321,0,2,adaptive-confirm-small-f32-resident-b0-s5-o0.txt
0,2,f32,resident,small,0,5,3,300,0.163545667,0.00500708213076,0,2,adaptive-confirm-small-f32-resident-b0-s5-o0.txt
0,2,f32,resident,small,0,5,4,300,0.160465333,0.00500642554834,0.461836232871,2,adaptive-confirm-small-f32-resident-b0-s5-o0.txt
2,2,f32,resident,small,0,5,0,300,0.162773333,0.00500984722748,0,2,adaptive-confirm-small-f32-resident-b0-s5-o1.txt
2,2,f32,resident,small,0,5,1,300,0.157399000,0.00500876037404,0,2,adaptive-confirm-small-f32-resident-b0-s5-o1.txt
2,2,f32,resident,small,0,5,2,300,0.160622667,0.00500785140321,0,2,adaptive-confirm-small-f32-resident-b0-s5-o1.txt
2,2,f32,resident,small,0,5,3,300,0.157872333,0.00500708213076,0,2,adaptive-confirm-small-f32-resident-b0-s5-o1.txt
2,2,f32,resident,small,0,5,4,300,0.165953000,0.00500642554834,0.461836232871,2,adaptive-confirm-small-f32-resident-b0-s5-o1.txt
2,2,f32,resident,small,0,5,0,300,0.159538333,0.00500984722748,0,2,adaptive-confirm-small-f32-resident-b0-s5-o2.txt
2,2,f32,resident,small,0,5,1,300,0.159239667,0.00500876037404,0,2,adaptive-confirm-small-f32-resident-b0-s5-o2.txt
2,2,f32,resident,small,0,5,2,300,0.160459000,0.00500785140321,0,2,adaptive-confirm-small-f32-resident-b0-s5-o2.txt
2,2,f32,resident,small,0,5,3,300,0.159552667,0.00500708213076,0,2,adaptive-confirm-small-f32-resident-b0-s5-o2.txt
2,2,f32,resident,small,0,5,4,300,0.157590333,0.00500642554834,0.461836232871,2,adaptive-confirm-small-f32-resident-b0-s5-o2.txt
0,2,f32,resident,small,0,5,0,300,0.160692667,0.00500984722748,0,2,adaptive-confirm-small-f32-resident-b0-s5-o3.txt
0,2,f32,resident,small,0,5,1,300,0.161664000,0.00500876037404,0,2,adaptive-confirm-small-f32-resident-b0-s5-o3.txt
0,2,f32,resident,small,0,5,2,300,0.161340000,0.00500785140321,0,2,adaptive-confirm-small-f32-resident-b0-s5-o3.txt
0,2,f32,resident,small,0,5,3,300,0.161624667,0.00500708213076,0,2,adaptive-confirm-small-f32-resident-b0-s5-o3.txt
0,2,f32,resident,small,0,5,4,300,0.160586333,0.00500642554834,0.461836232871,2,adaptive-confirm-small-f32-resident-b0-s5-o3.txt
0,2,f32,resident,small,1,3,0,300,0.196003667,0.00501007400453,0,2,adaptive-confirm-small-f32-resident-b1-s3-o0.txt
0,2,f32,resident,small,1,3,1,300,0.198850333,0.00500849587843,0,2,adaptive-confirm-small-f32-resident-b1-s3-o0.txt
0,2,f32,resident,small,1,3,2,300,0.197402333,0.00500722788274,0,2,adaptive-confirm-small-f32-resident-b1-s3-o0.txt
0,2,f32,resident,small,1,3,3,300,0.201299667,0.00500619178638,0,2,adaptive-confirm-small-f32-resident-b1-s3-o0.txt
0,2,f32,resident,small,1,3,4,300,0.198581333,0.00500533590093,-0.425126379599,2,adaptive-confirm-small-f32-resident-b1-s3-o0.txt
2,2,f32,resident,small,1,3,0,300,0.199607333,0.00501007400453,0,2,adaptive-confirm-small-f32-resident-b1-s3-o1.txt
2,2,f32,resident,small,1,3,1,300,0.193994000,0.00500849587843,0,2,adaptive-confirm-small-f32-resident-b1-s3-o1.txt
2,2,f32,resident,small,1,3,2,300,0.195473333,0.00500722788274,0,2,adaptive-confirm-small-f32-resident-b1-s3-o1.txt
2,2,f32,resident,small,1,3,3,300,0.197340333,0.00500619178638,0,2,adaptive-confirm-small-f32-resident-b1-s3-o1.txt
2,2,f32,resident,small,1,3,4,300,0.197299000,0.00500533590093,-0.425126379599,2,adaptive-confirm-small-f32-resident-b1-s3-o1.txt
2,2,f32,resident,small,1,3,0,300,0.192556000,0.00501007400453,0,2,adaptive-confirm-small-f32-resident-b1-s3-o2.txt
2,2,f32,resident,small,1,3,1,300,0.197260000,0.00500849587843,0,2,adaptive-confirm-small-f32-resident-b1-s3-o2.txt
2,2,f32,resident,small,1,3,2,300,0.193803667,0.00500722788274,0,2,adaptive-confirm-small-f32-resident-b1-s3-o2.txt
2,2,f32,resident,small,1,3,3,300,0.203600667,0.00500619178638,0,2,adaptive-confirm-small-f32-resident-b1-s3-o2.txt
2,2,f32,resident,small,1,3,4,300,0.196380000,0.00500533590093,-0.425126379599,2,adaptive-confirm-small-f32-resident-b1-s3-o2.txt
0,2,f32,resident,small,1,3,0,300,0.201334000,0.00501007400453,0,2,adaptive-confirm-small-f32-resident-b1-s3-o3.txt
0,2,f32,resident,small,1,3,1,300,0.198025000,0.00500849587843,0,2,adaptive-confirm-small-f32-resident-b1-s3-o3.txt
0,2,f32,resident,small,1,3,2,300,0.197400667,0.00500722788274,0,2,adaptive-confirm-small-f32-resident-b1-s3-o3.txt
0,2,f32,resident,small,1,3,3,300,0.199668000,0.00500619178638,0,2,adaptive-confirm-small-f32-resident-b1-s3-o3.txt
0,2,f32,resident,small,1,3,4,300,0.204364333,0.00500533590093,-0.425126379599,2,adaptive-confirm-small-f32-resident-b1-s3-o3.txt
0,2,f32,resident,small,1,4,0,300,0.196435000,0.00500918831676,0,2,adaptive-confirm-small-f32-resident-b1-s4-o0.txt
0,2,f32,resident,small,1,4,1,300,0.198582333,0.00500794313848,0,2,adaptive-confirm-small-f32-resident-b1-s4-o0.txt
0,2,f32,resident,small,1,4,2,300,0.204741333,0.00500693870708,0,2,adaptive-confirm-small-f32-resident-b1-s4-o0.txt
0,2,f32,resident,small,1,4,3,300,0.198048000,0.0050061144866,0,2,adaptive-confirm-small-f32-resident-b1-s4-o0.txt
0,2,f32,resident,small,1,4,4,300,0.202346000,0.00500542856753,-0.780710629746,2,adaptive-confirm-small-f32-resident-b1-s4-o0.txt
2,2,f32,resident,small,1,4,0,300,0.193221667,0.00500918831676,0,2,adaptive-confirm-small-f32-resident-b1-s4-o1.txt
2,2,f32,resident,small,1,4,1,300,0.198964000,0.00500794313848,0,2,adaptive-confirm-small-f32-resident-b1-s4-o1.txt
2,2,f32,resident,small,1,4,2,300,0.193567000,0.00500693870708,0,2,adaptive-confirm-small-f32-resident-b1-s4-o1.txt
2,2,f32,resident,small,1,4,3,300,0.199179333,0.0050061144866,0,2,adaptive-confirm-small-f32-resident-b1-s4-o1.txt
2,2,f32,resident,small,1,4,4,300,0.199611333,0.00500542856753,-0.780710629746,2,adaptive-confirm-small-f32-resident-b1-s4-o1.txt
2,2,f32,resident,small,1,4,0,300,0.197106667,0.00500918831676,0,2,adaptive-confirm-small-f32-resident-b1-s4-o2.txt
2,2,f32,resident,small,1,4,1,300,0.198126000,0.00500794313848,0,2,adaptive-confirm-small-f32-resident-b1-s4-o2.txt
2,2,f32,resident,small,1,4,2,300,0.193432667,0.00500693870708,0,2,adaptive-confirm-small-f32-resident-b1-s4-o2.txt
2,2,f32,resident,small,1,4,3,300,0.195498000,0.0050061144866,0,2,adaptive-confirm-small-f32-resident-b1-s4-o2.txt
2,2,f32,resident,small,1,4,4,300,0.193677667,0.00500542856753,-0.780710629746,2,adaptive-confirm-small-f32-resident-b1-s4-o2.txt
0,2,f32,resident,small,1,4,0,300,0.197242000,0.00500918831676,0,2,adaptive-confirm-small-f32-resident-b1-s4-o3.txt
0,2,f32,resident,small,1,4,1,300,0.200149333,0.00500794313848,0,2,adaptive-confirm-small-f32-resident-b1-s4-o3.txt
0,2,f32,resident,small,1,4,2,300,0.205128667,0.00500693870708,0,2,adaptive-confirm-small-f32-resident-b1-s4-o3.txt
0,2,f32,resident,small,1,4,3,300,0.198828000,0.0050061144866,0,2,adaptive-confirm-small-f32-resident-b1-s4-o3.txt
0,2,f32,resident,small,1,4,4,300,0.200154000,0.00500542856753,-0.780710629746,2,adaptive-confirm-small-f32-resident-b1-s4-o3.txt
0,2,f32,resident,small,1,5,0,300,0.198457333,0.00501003628597,0,2,adaptive-confirm-small-f32-resident-b1-s5-o0.txt
0,2,f32,resident,small,1,5,1,300,0.200293333,0.00500888610259,0,2,adaptive-confirm-small-f32-resident-b1-s5-o0.txt
0,2,f32,resident,small,1,5,2,300,0.199663667,0.00500793335959,0,2,adaptive-confirm-small-f32-resident-b1-s5-o0.txt
0,2,f32,resident,small,1,5,3,300,0.199699667,0.00500713568181,0,2,adaptive-confirm-small-f32-resident-b1-s5-o0.txt
0,2,f32,resident,small,1,5,4,300,0.204575667,0.00500645721331,0.48691550515,2,adaptive-confirm-small-f32-resident-b1-s5-o0.txt
2,2,f32,resident,small,1,5,0,300,0.195223333,0.00501003628597,0,2,adaptive-confirm-small-f32-resident-b1-s5-o1.txt
2,2,f32,resident,small,1,5,1,300,0.194818333,0.00500888610259,0,2,adaptive-confirm-small-f32-resident-b1-s5-o1.txt
2,2,f32,resident,small,1,5,2,300,0.195289333,0.00500793335959,0,2,adaptive-confirm-small-f32-resident-b1-s5-o1.txt
2,2,f32,resident,small,1,5,3,300,0.195350333,0.00500713568181,0,2,adaptive-confirm-small-f32-resident-b1-s5-o1.txt
2,2,f32,resident,small,1,5,4,300,0.194819333,0.00500645721331,0.48691550515,2,adaptive-confirm-small-f32-resident-b1-s5-o1.txt
2,2,f32,resident,small,1,5,0,300,0.195179333,0.00501003628597,0,2,adaptive-confirm-small-f32-resident-b1-s5-o2.txt
2,2,f32,resident,small,1,5,1,300,0.197764667,0.00500888610259,0,2,adaptive-confirm-small-f32-resident-b1-s5-o2.txt
2,2,f32,resident,small,1,5,2,300,0.204993333,0.00500793335959,0,2,adaptive-confirm-small-f32-resident-b1-s5-o2.txt
2,2,f32,resident,small,1,5,3,300,0.198640333,0.00500713568181,0,2,adaptive-confirm-small-f32-resident-b1-s5-o2.txt
2,2,f32,resident,small,1,5,4,300,0.195208667,0.00500645721331,0.48691550515,2,adaptive-confirm-small-f32-resident-b1-s5-o2.txt
0,2,f32,resident,small,1,5,0,300,0.199005667,0.00501003628597,0,2,adaptive-confirm-small-f32-resident-b1-s5-o3.txt
0,2,f32,resident,small,1,5,1,300,0.199598000,0.00500888610259,0,2,adaptive-confirm-small-f32-resident-b1-s5-o3.txt
0,2,f32,resident,small,1,5,2,300,0.198784333,0.00500793335959,0,2,adaptive-confirm-small-f32-resident-b1-s5-o3.txt
0,2,f32,resident,small,1,5,3,300,0.203504667,0.00500713568181,0,2,adaptive-confirm-small-f32-resident-b1-s5-o3.txt
0,2,f32,resident,small,1,5,4,300,0.199840667,0.00500645721331,0.48691550515,2,adaptive-confirm-small-f32-resident-b1-s5-o3.txt
0,2,tf32,host,small,0,3,0,300,0.351192333,0.00501143326983,0,2,adaptive-confirm-small-tf32-host-b0-s3-o0.txt
0,2,tf32,host,small,0,3,1,300,0.356372333,0.00501057039946,0,2,adaptive-confirm-small-tf32-host-b0-s3-o0.txt
0,2,tf32,host,small,0,3,2,300,0.356870333,0.0050098169595,0,2,adaptive-confirm-small-tf32-host-b0-s3-o0.txt
0,2,tf32,host,small,0,3,3,300,0.355010667,0.00500915478915,0,2,adaptive-confirm-small-tf32-host-b0-s3-o0.txt
0,2,tf32,host,small,0,3,4,300,0.363856333,0.00500856759027,-0.466298922342,2,adaptive-confirm-small-tf32-host-b0-s3-o0.txt
2,2,tf32,host,small,0,3,0,300,0.361518000,0.00501143326983,0,2,adaptive-confirm-small-tf32-host-b0-s3-o1.txt
2,2,tf32,host,small,0,3,1,300,0.349030667,0.00501057086512,0,2,adaptive-confirm-small-tf32-host-b0-s3-o1.txt
2,2,tf32,host,small,0,3,2,300,0.353161000,0.00500981649384,0,2,adaptive-confirm-small-tf32-host-b0-s3-o1.txt
2,2,tf32,host,small,0,3,3,300,0.350507333,0.00500915478915,0,2,adaptive-confirm-small-tf32-host-b0-s3-o1.txt
2,2,tf32,host,small,0,3,4,300,0.360185000,0.00500856712461,-0.466299453707,2,adaptive-confirm-small-tf32-host-b0-s3-o1.txt
2,2,tf32,host,small,0,3,0,300,0.351639333,0.00501143326983,0,2,adaptive-confirm-small-tf32-host-b0-s3-o2.txt
2,2,tf32,host,small,0,3,1,300,0.349824000,0.00501057086512,0,2,adaptive-confirm-small-tf32-host-b0-s3-o2.txt
2,2,tf32,host,small,0,3,2,300,0.352685000,0.00500981649384,0,2,adaptive-confirm-small-tf32-host-b0-s3-o2.txt
2,2,tf32,host,small,0,3,3,300,0.350722000,0.00500915478915,0,2,adaptive-confirm-small-tf32-host-b0-s3-o2.txt
2,2,tf32,host,small,0,3,4,300,0.352116000,0.00500856712461,-0.466299453707,2,adaptive-confirm-small-tf32-host-b0-s3-o2.txt
0,2,tf32,host,small,0,3,0,300,0.357562667,0.00501143326983,0,2,adaptive-confirm-small-tf32-host-b0-s3-o3.txt
0,2,tf32,host,small,0,3,1,300,0.350749000,0.00501057039946,0,2,adaptive-confirm-small-tf32-host-b0-s3-o3.txt
0,2,tf32,host,small,0,3,2,300,0.347032333,0.0050098169595,0,2,adaptive-confirm-small-tf32-host-b0-s3-o3.txt
0,2,tf32,host,small,0,3,3,300,0.350053000,0.00500915478915,0,2,adaptive-confirm-small-tf32-host-b0-s3-o3.txt
0,2,tf32,host,small,0,3,4,300,0.354118000,0.00500856759027,-0.466298922342,2,adaptive-confirm-small-tf32-host-b0-s3-o3.txt
0,2,tf32,host,small,0,4,0,300,0.355964667,0.00501091126353,0,2,adaptive-confirm-small-tf32-host-b0-s4-o0.txt
0,2,tf32,host,small,0,4,1,300,0.355691667,0.00501007447019,0,2,adaptive-confirm-small-tf32-host-b0-s4-o0.txt
0,2,tf32,host,small,0,4,2,300,0.359611667,0.00500936387107,0,2,adaptive-confirm-small-tf32-host-b0-s4-o0.txt
0,2,tf32,host,small,0,4,3,300,0.359749667,0.00500875292346,0,2,adaptive-confirm-small-tf32-host-b0-s4-o0.txt
0,2,tf32,host,small,0,4,4,300,0.358715333,0.00500822020695,-0.798698187635,2,adaptive-confirm-small-tf32-host-b0-s4-o0.txt
2,2,tf32,host,small,0,4,0,300,0.349315333,0.00501091126353,0,2,adaptive-confirm-small-tf32-host-b0-s4-o1.txt
2,2,tf32,host,small,0,4,1,300,0.350070333,0.00501007400453,0,2,adaptive-confirm-small-tf32-host-b0-s4-o1.txt
2,2,tf32,host,small,0,4,2,300,0.353139667,0.00500936340541,0,2,adaptive-confirm-small-tf32-host-b0-s4-o1.txt
2,2,tf32,host,small,0,4,3,300,0.358520667,0.00500875292346,0,2,adaptive-confirm-small-tf32-host-b0-s4-o1.txt
2,2,tf32,host,small,0,4,4,300,0.353749667,0.00500822113827,-0.798698474044,2,adaptive-confirm-small-tf32-host-b0-s4-o1.txt
2,2,tf32,host,small,0,4,0,300,0.358232000,0.00501091126353,0,2,adaptive-confirm-small-tf32-host-b0-s4-o2.txt
2,2,tf32,host,small,0,4,1,300,0.350061000,0.00501007400453,0,2,adaptive-confirm-small-tf32-host-b0-s4-o2.txt
2,2,tf32,host,small,0,4,2,300,0.355960000,0.00500936340541,0,2,adaptive-confirm-small-tf32-host-b0-s4-o2.txt
2,2,tf32,host,small,0,4,3,300,0.352855000,0.00500875292346,0,2,adaptive-confirm-small-tf32-host-b0-s4-o2.txt
2,2,tf32,host,small,0,4,4,300,0.352192667,0.00500822113827,-0.798698474044,2,adaptive-confirm-small-tf32-host-b0-s4-o2.txt
0,2,tf32,host,small,0,4,0,300,0.350659667,0.00501091126353,0,2,adaptive-confirm-small-tf32-host-b0-s4-o3.txt
0,2,tf32,host,small,0,4,1,300,0.351369000,0.00501007447019,0,2,adaptive-confirm-small-tf32-host-b0-s4-o3.txt
0,2,tf32,host,small,0,4,2,300,0.355216000,0.00500936387107,0,2,adaptive-confirm-small-tf32-host-b0-s4-o3.txt
0,2,tf32,host,small,0,4,3,300,0.356493333,0.00500875292346,0,2,adaptive-confirm-small-tf32-host-b0-s4-o3.txt
0,2,tf32,host,small,0,4,4,300,0.363410667,0.00500822020695,-0.798698187635,2,adaptive-confirm-small-tf32-host-b0-s4-o3.txt
0,2,tf32,host,small,0,5,0,300,0.351987333,0.00501106493175,0,2,adaptive-confirm-small-tf32-host-b0-s5-o0.txt
0,2,tf32,host,small,0,5,1,300,0.349959000,0.00501031102613,0,2,adaptive-confirm-small-tf32-host-b0-s5-o0.txt
0,2,tf32,host,small,0,5,2,300,0.344771333,0.00500964652747,0,2,adaptive-confirm-small-tf32-host-b0-s5-o0.txt
0,2,tf32,host,small,0,5,3,300,0.354606333,0.00500905886292,0,2,adaptive-confirm-small-tf32-host-b0-s5-o0.txt
0,2,tf32,host,small,0,5,4,300,0.356895000,0.00500853406265,0.459211026104,2,adaptive-confirm-small-tf32-host-b0-s5-o0.txt
2,2,tf32,host,small,0,5,0,300,0.346994667,0.00501106539741,0,2,adaptive-confirm-small-tf32-host-b0-s5-o1.txt
2,2,tf32,host,small,0,5,1,300,0.355379333,0.00501031102613,0,2,adaptive-confirm-small-tf32-host-b0-s5-o1.txt
2,2,tf32,host,small,0,5,2,300,0.356393667,0.00500964652747,0,2,adaptive-confirm-small-tf32-host-b0-s5-o1.txt
2,2,tf32,host,small,0,5,3,300,0.360899667,0.00500905886292,0,2,adaptive-confirm-small-tf32-host-b0-s5-o1.txt
2,2,tf32,host,small,0,5,4,300,0.353829333,0.00500853359699,0.459211141498,2,adaptive-confirm-small-tf32-host-b0-s5-o1.txt
2,2,tf32,host,small,0,5,0,300,0.345592000,0.00501106539741,0,2,adaptive-confirm-small-tf32-host-b0-s5-o2.txt
2,2,tf32,host,small,0,5,1,300,0.351041333,0.00501031102613,0,2,adaptive-confirm-small-tf32-host-b0-s5-o2.txt
2,2,tf32,host,small,0,5,2,300,0.353701333,0.00500964652747,0,2,adaptive-confirm-small-tf32-host-b0-s5-o2.txt
2,2,tf32,host,small,0,5,3,300,0.346329667,0.00500905886292,0,2,adaptive-confirm-small-tf32-host-b0-s5-o2.txt
2,2,tf32,host,small,0,5,4,300,0.358177333,0.00500853359699,0.459211141498,2,adaptive-confirm-small-tf32-host-b0-s5-o2.txt
0,2,tf32,host,small,0,5,0,300,0.358821000,0.00501106493175,0,2,adaptive-confirm-small-tf32-host-b0-s5-o3.txt
0,2,tf32,host,small,0,5,1,300,0.361952667,0.00501031102613,0,2,adaptive-confirm-small-tf32-host-b0-s5-o3.txt
0,2,tf32,host,small,0,5,2,300,0.350673000,0.00500964652747,0,2,adaptive-confirm-small-tf32-host-b0-s5-o3.txt
0,2,tf32,host,small,0,5,3,300,0.351523667,0.00500905886292,0,2,adaptive-confirm-small-tf32-host-b0-s5-o3.txt
0,2,tf32,host,small,0,5,4,300,0.348317333,0.00500853406265,0.459211026104,2,adaptive-confirm-small-tf32-host-b0-s5-o3.txt
0,2,tf32,host,small,1,3,0,300,0.401532000,0.00501145562157,0,2,adaptive-confirm-small-tf32-host-b1-s3-o0.txt
0,2,tf32,host,small,1,3,1,300,0.406736000,0.00501051871106,0,2,adaptive-confirm-small-tf32-host-b1-s3-o0.txt
0,2,tf32,host,small,1,3,2,300,0.398830667,0.00500971078873,0,2,adaptive-confirm-small-tf32-host-b1-s3-o0.txt
0,2,tf32,host,small,1,3,3,300,0.396432333,0.00500900670886,0,2,adaptive-confirm-small-tf32-host-b1-s3-o0.txt
0,2,tf32,host,small,1,3,4,300,0.395827333,0.00500838784501,-0.431881504591,2,adaptive-confirm-small-tf32-host-b1-s3-o0.txt
2,2,tf32,host,small,1,3,0,300,0.400561333,0.00501145562157,0,2,adaptive-confirm-small-tf32-host-b1-s3-o1.txt
2,2,tf32,host,small,1,3,1,300,0.401810000,0.00501051917672,0,2,adaptive-confirm-small-tf32-host-b1-s3-o1.txt
2,2,tf32,host,small,1,3,2,300,0.402568667,0.0050097098574,0,2,adaptive-confirm-small-tf32-host-b1-s3-o1.txt
2,2,tf32,host,small,1,3,3,300,0.397520000,0.00500900670886,0,2,adaptive-confirm-small-tf32-host-b1-s3-o1.txt
2,2,tf32,host,small,1,3,4,300,0.395403000,0.00500838784501,-0.431880975989,2,adaptive-confirm-small-tf32-host-b1-s3-o1.txt
2,2,tf32,host,small,1,3,0,300,0.397123333,0.00501145562157,0,2,adaptive-confirm-small-tf32-host-b1-s3-o2.txt
2,2,tf32,host,small,1,3,1,300,0.399854667,0.00501051917672,0,2,adaptive-confirm-small-tf32-host-b1-s3-o2.txt
2,2,tf32,host,small,1,3,2,300,0.393401667,0.0050097098574,0,2,adaptive-confirm-small-tf32-host-b1-s3-o2.txt
2,2,tf32,host,small,1,3,3,300,0.400497333,0.00500900670886,0,2,adaptive-confirm-small-tf32-host-b1-s3-o2.txt
2,2,tf32,host,small,1,3,4,300,0.398117333,0.00500838784501,-0.431880975989,2,adaptive-confirm-small-tf32-host-b1-s3-o2.txt
0,2,tf32,host,small,1,3,0,300,0.399008667,0.00501145562157,0,2,adaptive-confirm-small-tf32-host-b1-s3-o3.txt
0,2,tf32,host,small,1,3,1,300,0.399254000,0.00501051871106,0,2,adaptive-confirm-small-tf32-host-b1-s3-o3.txt
0,2,tf32,host,small,1,3,2,300,0.406475667,0.00500971078873,0,2,adaptive-confirm-small-tf32-host-b1-s3-o3.txt
0,2,tf32,host,small,1,3,3,300,0.395716667,0.00500900670886,0,2,adaptive-confirm-small-tf32-host-b1-s3-o3.txt
0,2,tf32,host,small,1,3,4,300,0.402156000,0.00500838784501,-0.431881504591,2,adaptive-confirm-small-tf32-host-b1-s3-o3.txt
0,2,tf32,host,small,1,4,0,300,0.396146000,0.00501118926331,0,2,adaptive-confirm-small-tf32-host-b1-s4-o0.txt
0,2,tf32,host,small,1,4,1,300,0.392979667,0.00501028541476,0,2,adaptive-confirm-small-tf32-host-b1-s4-o0.txt
0,2,tf32,host,small,1,4,2,300,0.403612333,0.00500953197479,0,2,adaptive-confirm-small-tf32-host-b1-s4-o0.txt
0,2,tf32,host,small,1,4,3,300,0.394341000,0.00500889215618,0,2,adaptive-confirm-small-tf32-host-b1-s4-o0.txt
0,2,tf32,host,small,1,4,4,300,0.394924333,0.0050083422102,-0.772340160303,2,adaptive-confirm-small-tf32-host-b1-s4-o0.txt
2,2,tf32,host,small,1,4,0,300,0.400616667,0.00501118926331,0,2,adaptive-confirm-small-tf32-host-b1-s4-o1.txt
2,2,tf32,host,small,1,4,1,300,0.397348667,0.00501028494909,0,2,adaptive-confirm-small-tf32-host-b1-s4-o1.txt
2,2,tf32,host,small,1,4,2,300,0.398211667,0.00500953244045,0,2,adaptive-confirm-small-tf32-host-b1-s4-o1.txt
2,2,tf32,host,small,1,4,3,300,0.399279667,0.00500889215618,0,2,adaptive-confirm-small-tf32-host-b1-s4-o1.txt
2,2,tf32,host,small,1,4,4,300,0.399957000,0.0050083422102,-0.772340206288,2,adaptive-confirm-small-tf32-host-b1-s4-o1.txt
2,2,tf32,host,small,1,4,0,300,0.390429333,0.00501118926331,0,2,adaptive-confirm-small-tf32-host-b1-s4-o2.txt
2,2,tf32,host,small,1,4,1,300,0.400829000,0.00501028494909,0,2,adaptive-confirm-small-tf32-host-b1-s4-o2.txt
2,2,tf32,host,small,1,4,2,300,0.390774000,0.00500953244045,0,2,adaptive-confirm-small-tf32-host-b1-s4-o2.txt
2,2,tf32,host,small,1,4,3,300,0.398691333,0.00500889215618,0,2,adaptive-confirm-small-tf32-host-b1-s4-o2.txt
2,2,tf32,host,small,1,4,4,300,0.400239667,0.0050083422102,-0.772340206288,2,adaptive-confirm-small-tf32-host-b1-s4-o2.txt
0,2,tf32,host,small,1,4,0,300,0.394749333,0.00501118926331,0,2,adaptive-confirm-small-tf32-host-b1-s4-o3.txt
0,2,tf32,host,small,1,4,1,300,0.398803333,0.00501028541476,0,2,adaptive-confirm-small-tf32-host-b1-s4-o3.txt
0,2,tf32,host,small,1,4,2,300,0.398678667,0.00500953197479,0,2,adaptive-confirm-small-tf32-host-b1-s4-o3.txt
0,2,tf32,host,small,1,4,3,300,0.395758333,0.00500889215618,0,2,adaptive-confirm-small-tf32-host-b1-s4-o3.txt
0,2,tf32,host,small,1,4,4,300,0.392207000,0.0050083422102,-0.772340160303,2,adaptive-confirm-small-tf32-host-b1-s4-o3.txt
0,2,tf32,host,small,1,5,0,300,0.400908000,0.00501123163849,0,2,adaptive-confirm-small-tf32-host-b1-s5-o0.txt
0,2,tf32,host,small,1,5,1,300,0.398187333,0.0050104027614,0,2,adaptive-confirm-small-tf32-host-b1-s5-o0.txt
0,2,tf32,host,small,1,5,2,300,0.399005667,0.00500968378037,0,2,adaptive-confirm-small-tf32-host-b1-s5-o0.txt
0,2,tf32,host,small,1,5,3,300,0.398653667,0.00500905234367,0,2,adaptive-confirm-small-tf32-host-b1-s5-o0.txt
0,2,tf32,host,small,1,5,4,300,0.400805333,0.00500849215314,0.484142847345,2,adaptive-confirm-small-tf32-host-b1-s5-o0.txt
2,2,tf32,host,small,1,5,0,300,0.391106667,0.00501123163849,0,2,adaptive-confirm-small-tf32-host-b1-s5-o1.txt
2,2,tf32,host,small,1,5,1,300,0.394562667,0.0050104027614,0,2,adaptive-confirm-small-tf32-host-b1-s5-o1.txt
2,2,tf32,host,small,1,5,2,300,0.396590667,0.00500968424603,0,2,adaptive-confirm-small-tf32-host-b1-s5-o1.txt
2,2,tf32,host,small,1,5,3,300,0.412071000,0.00500905234367,0,2,adaptive-confirm-small-tf32-host-b1-s5-o1.txt
2,2,tf32,host,small,1,5,4,300,0.401945000,0.00500849215314,0.484144042242,2,adaptive-confirm-small-tf32-host-b1-s5-o1.txt
2,2,tf32,host,small,1,5,0,300,0.392014667,0.00501123163849,0,2,adaptive-confirm-small-tf32-host-b1-s5-o2.txt
2,2,tf32,host,small,1,5,1,300,0.393493000,0.0050104027614,0,2,adaptive-confirm-small-tf32-host-b1-s5-o2.txt
2,2,tf32,host,small,1,5,2,300,0.393663667,0.00500968424603,0,2,adaptive-confirm-small-tf32-host-b1-s5-o2.txt
2,2,tf32,host,small,1,5,3,300,0.397427333,0.00500905234367,0,2,adaptive-confirm-small-tf32-host-b1-s5-o2.txt
2,2,tf32,host,small,1,5,4,300,0.397571000,0.00500849215314,0.484144042242,2,adaptive-confirm-small-tf32-host-b1-s5-o2.txt
0,2,tf32,host,small,1,5,0,300,0.390988000,0.00501123163849,0,2,adaptive-confirm-small-tf32-host-b1-s5-o3.txt
0,2,tf32,host,small,1,5,1,300,0.389199667,0.0050104027614,0,2,adaptive-confirm-small-tf32-host-b1-s5-o3.txt
0,2,tf32,host,small,1,5,2,300,0.403828000,0.00500968378037,0,2,adaptive-confirm-small-tf32-host-b1-s5-o3.txt
0,2,tf32,host,small,1,5,3,300,0.403945000,0.00500905234367,0,2,adaptive-confirm-small-tf32-host-b1-s5-o3.txt
0,2,tf32,host,small,1,5,4,300,0.401384667,0.00500849215314,0.484142847345,2,adaptive-confirm-small-tf32-host-b1-s5-o3.txt
0,2,tf32,resident,small,0,3,0,300,0.153995000,0.00501021789387,0,2,adaptive-confirm-small-tf32-resident-b0-s3-o0.txt
0,2,tf32,resident,small,0,3,1,300,0.153502667,0.00500871846452,0,2,adaptive-confirm-small-tf32-resident-b0-s3-o0.txt
0,2,tf32,resident,small,0,3,2,300,0.153781333,0.00500749843195,0,2,adaptive-confirm-small-tf32-resident-b0-s3-o0.txt
0,2,tf32,resident,small,0,3,3,300,0.153539667,0.00500649074093,0,2,adaptive-confirm-small-tf32-resident-b0-s3-o0.txt
0,2,tf32,resident,small,0,3,4,300,0.156036667,0.0050056502223,-0.462001998759,2,adaptive-confirm-small-tf32-resident-b0-s3-o0.txt
2,2,tf32,resident,small,0,3,0,300,0.155716000,0.00501021835953,0,2,adaptive-confirm-small-tf32-resident-b0-s3-o1.txt
2,2,tf32,resident,small,0,3,1,300,0.154779333,0.00500871893018,0,2,adaptive-confirm-small-tf32-resident-b0-s3-o1.txt
2,2,tf32,resident,small,0,3,2,300,0.163832667,0.00500749843195,0,2,adaptive-confirm-small-tf32-resident-b0-s3-o1.txt
2,2,tf32,resident,small,0,3,3,300,0.163555667,0.00500649167225,0,2,adaptive-confirm-small-tf32-resident-b0-s3-o1.txt
2,2,tf32,resident,small,0,3,4,300,0.153516000,0.00500564975664,-0.462001118642,2,adaptive-confirm-small-tf32-resident-b0-s3-o1.txt
2,2,tf32,resident,small,0,3,0,300,0.160886000,0.00501021835953,0,2,adaptive-confirm-small-tf32-resident-b0-s3-o2.txt
2,2,tf32,resident,small,0,3,1,300,0.154825000,0.00500871893018,0,2,adaptive-confirm-small-tf32-resident-b0-s3-o2.txt
2,2,tf32,resident,small,0,3,2,300,0.155989000,0.00500749843195,0,2,adaptive-confirm-small-tf32-resident-b0-s3-o2.txt
2,2,tf32,resident,small,0,3,3,300,0.153344667,0.00500649167225,0,2,adaptive-confirm-small-tf32-resident-b0-s3-o2.txt
2,2,tf32,resident,small,0,3,4,300,0.153444333,0.00500564975664,-0.462001118642,2,adaptive-confirm-small-tf32-resident-b0-s3-o2.txt
0,2,tf32,resident,small,0,3,0,300,0.153233333,0.00501021789387,0,2,adaptive-confirm-small-tf32-resident-b0-s3-o3.txt
0,2,tf32,resident,small,0,3,1,300,0.152562000,0.00500871846452,0,2,adaptive-confirm-small-tf32-resident-b0-s3-o3.txt
0,2,tf32,resident,small,0,3,2,300,0.156616000,0.00500749843195,0,2,adaptive-confirm-small-tf32-resident-b0-s3-o3.txt
0,2,tf32,resident,small,0,3,3,300,0.158397333,0.00500649074093,0,2,adaptive-confirm-small-tf32-resident-b0-s3-o3.txt
0,2,tf32,resident,small,0,3,4,300,0.153729333,0.0050056502223,-0.462001998759,2,adaptive-confirm-small-tf32-resident-b0-s3-o3.txt
0,2,tf32,resident,small,0,4,0,300,0.158670667,0.00500889495015,0,2,adaptive-confirm-small-tf32-resident-b0-s4-o0.txt
0,2,tf32,resident,small,0,4,1,300,0.154155667,0.00500776013359,0,2,adaptive-confirm-small-tf32-resident-b0-s4-o0.txt
0,2,tf32,resident,small,0,4,2,300,0.154103000,0.00500683067366,0,2,adaptive-confirm-small-tf32-resident-b0-s4-o0.txt
0,2,tf32,resident,small,0,4,3,300,0.154265000,0.00500605627894,0,2,adaptive-confirm-small-tf32-resident-b0-s4-o0.txt
0,2,tf32,resident,small,0,4,4,300,0.155156333,0.00500540900975,-0.806189181845,2,adaptive-confirm-small-tf32-resident-b0-s4-o0.txt
2,2,tf32,resident,small,0,4,0,300,0.156004333,0.00500889495015,0,2,adaptive-confirm-small-tf32-resident-b0-s4-o1.txt
2,2,tf32,resident,small,0,4,1,300,0.152180333,0.00500776013359,0,2,adaptive-confirm-small-tf32-resident-b0-s4-o1.txt
2,2,tf32,resident,small,0,4,2,300,0.155967000,0.00500683113933,0,2,adaptive-confirm-small-tf32-resident-b0-s4-o1.txt
2,2,tf32,resident,small,0,4,3,300,0.152970333,0.00500605721027,0,2,adaptive-confirm-small-tf32-resident-b0-s4-o1.txt
2,2,tf32,resident,small,0,4,4,300,0.153364667,0.00500540947542,-0.806190391838,2,adaptive-confirm-small-tf32-resident-b0-s4-o1.txt
2,2,tf32,resident,small,0,4,0,300,0.157359667,0.00500889495015,0,2,adaptive-confirm-small-tf32-resident-b0-s4-o2.txt
2,2,tf32,resident,small,0,4,1,300,0.154492333,0.00500776013359,0,2,adaptive-confirm-small-tf32-resident-b0-s4-o2.txt
2,2,tf32,resident,small,0,4,2,300,0.157667667,0.00500683113933,0,2,adaptive-confirm-small-tf32-resident-b0-s4-o2.txt
2,2,tf32,resident,small,0,4,3,300,0.154607000,0.00500605721027,0,2,adaptive-confirm-small-tf32-resident-b0-s4-o2.txt
2,2,tf32,resident,small,0,4,4,300,0.156850333,0.00500540947542,-0.806190391838,2,adaptive-confirm-small-tf32-resident-b0-s4-o2.txt
0,2,tf32,resident,small,0,4,0,300,0.160801667,0.00500889495015,0,2,adaptive-confirm-small-tf32-resident-b0-s4-o3.txt
0,2,tf32,resident,small,0,4,1,300,0.154783667,0.00500776013359,0,2,adaptive-confirm-small-tf32-resident-b0-s4-o3.txt
0,2,tf32,resident,small,0,4,2,300,0.157998667,0.00500683067366,0,2,adaptive-confirm-small-tf32-resident-b0-s4-o3.txt
0,2,tf32,resident,small,0,4,3,300,0.152522000,0.00500605627894,0,2,adaptive-confirm-small-tf32-resident-b0-s4-o3.txt
0,2,tf32,resident,small,0,4,4,300,0.154052667,0.00500540900975,-0.806189181845,2,adaptive-confirm-small-tf32-resident-b0-s4-o3.txt
0,2,tf32,resident,small,0,5,0,300,0.153029333,0.00500984536484,0,2,adaptive-confirm-small-tf32-resident-b0-s5-o0.txt
0,2,tf32,resident,small,0,5,1,300,0.154219667,0.00500876037404,0,2,adaptive-confirm-small-tf32-resident-b0-s5-o0.txt
0,2,tf32,resident,small,0,5,2,300,0.154324333,0.00500785140321,0,2,adaptive-confirm-small-tf32-resident-b0-s5-o0.txt
0,2,tf32,resident,small,0,5,3,300,0.154287667,0.00500708213076,0,2,adaptive-confirm-small-tf32-resident-b0-s5-o0.txt
0,2,tf32,resident,small,0,5,4,300,0.154977000,0.00500642508268,0.461845320114,2,adaptive-confirm-small-tf32-resident-b0-s5-o0.txt
2,2,tf32,resident,small,0,5,0,300,0.152722667,0.00500984489918,0,2,adaptive-confirm-small-tf32-resident-b0-s5-o1.txt
2,2,tf32,resident,small,0,5,1,300,0.154167667,0.00500876037404,0,2,adaptive-confirm-small-tf32-resident-b0-s5-o1.txt
2,2,tf32,resident,small,0,5,2,300,0.152775333,0.00500785186887,0,2,adaptive-confirm-small-tf32-resident-b0-s5-o1.txt
2,2,tf32,resident,small,0,5,3,300,0.152114667,0.00500708213076,0,2,adaptive-confirm-small-tf32-resident-b0-s5-o1.txt
2,2,tf32,resident,small,0,5,4,300,0.154184667,0.00500642508268,0.461845896355,2,adaptive-confirm-small-tf32-resident-b0-s5-o1.txt
2,2,tf32,resident,small,0,5,0,300,0.152355667,0.00500984489918,0,2,adaptive-confirm-small-tf32-resident-b0-s5-o2.txt
2,2,tf32,resident,small,0,5,1,300,0.152725667,0.00500876037404,0,2,adaptive-confirm-small-tf32-resident-b0-s5-o2.txt
2,2,tf32,resident,small,0,5,2,300,0.154454667,0.00500785186887,0,2,adaptive-confirm-small-tf32-resident-b0-s5-o2.txt
2,2,tf32,resident,small,0,5,3,300,0.154983667,0.00500708213076,0,2,adaptive-confirm-small-tf32-resident-b0-s5-o2.txt
2,2,tf32,resident,small,0,5,4,300,0.152729000,0.00500642508268,0.461845896355,2,adaptive-confirm-small-tf32-resident-b0-s5-o2.txt
0,2,tf32,resident,small,0,5,0,300,0.171185667,0.00500984536484,0,2,adaptive-confirm-small-tf32-resident-b0-s5-o3.txt
0,2,tf32,resident,small,0,5,1,300,0.152370667,0.00500876037404,0,2,adaptive-confirm-small-tf32-resident-b0-s5-o3.txt
0,2,tf32,resident,small,0,5,2,300,0.152753667,0.00500785140321,0,2,adaptive-confirm-small-tf32-resident-b0-s5-o3.txt
0,2,tf32,resident,small,0,5,3,300,0.152946333,0.00500708213076,0,2,adaptive-confirm-small-tf32-resident-b0-s5-o3.txt
0,2,tf32,resident,small,0,5,4,300,0.153966667,0.00500642508268,0.461845320114,2,adaptive-confirm-small-tf32-resident-b0-s5-o3.txt
0,2,tf32,resident,small,1,3,0,300,0.192893000,0.00501007586718,0,2,adaptive-confirm-small-tf32-resident-b1-s3-o0.txt
0,2,tf32,resident,small,1,3,1,300,0.188477333,0.00500849634409,0,2,adaptive-confirm-small-tf32-resident-b1-s3-o0.txt
0,2,tf32,resident,small,1,3,2,300,0.188641333,0.00500722741708,0,2,adaptive-confirm-small-tf32-resident-b1-s3-o0.txt
0,2,tf32,resident,small,1,3,3,300,0.191583667,0.00500619225204,0,2,adaptive-confirm-small-tf32-resident-b1-s3-o0.txt
0,2,tf32,resident,small,1,3,4,300,0.190465000,0.00500533636659,-0.425131387415,2,adaptive-confirm-small-tf32-resident-b1-s3-o0.txt
2,2,tf32,resident,small,1,3,0,300,0.187902333,0.00501007540151,0,2,adaptive-confirm-small-tf32-resident-b1-s3-o1.txt
2,2,tf32,resident,small,1,3,1,300,0.187895333,0.00500849634409,0,2,adaptive-confirm-small-tf32-resident-b1-s3-o1.txt
2,2,tf32,resident,small,1,3,2,300,0.191899000,0.00500722695142,0,2,adaptive-confirm-small-tf32-resident-b1-s3-o1.txt
2,2,tf32,resident,small,1,3,3,300,0.187914667,0.00500619225204,0,2,adaptive-confirm-small-tf32-resident-b1-s3-o1.txt
2,2,tf32,resident,small,1,3,4,300,0.187621000,0.00500533590093,-0.42513014058,2,adaptive-confirm-small-tf32-resident-b1-s3-o1.txt
2,2,tf32,resident,small,1,3,0,300,0.187991333,0.00501007540151,0,2,adaptive-confirm-small-tf32-resident-b1-s3-o2.txt
2,2,tf32,resident,small,1,3,1,300,0.185941667,0.00500849634409,0,2,adaptive-confirm-small-tf32-resident-b1-s3-o2.txt
2,2,tf32,resident,small,1,3,2,300,0.186300333,0.00500722695142,0,2,adaptive-confirm-small-tf32-resident-b1-s3-o2.txt
2,2,tf32,resident,small,1,3,3,300,0.187375667,0.00500619225204,0,2,adaptive-confirm-small-tf32-resident-b1-s3-o2.txt
2,2,tf32,resident,small,1,3,4,300,0.189576667,0.00500533590093,-0.42513014058,2,adaptive-confirm-small-tf32-resident-b1-s3-o2.txt
0,2,tf32,resident,small,1,3,0,300,0.190308333,0.00501007586718,0,2,adaptive-confirm-small-tf32-resident-b1-s3-o3.txt
0,2,tf32,resident,small,1,3,1,300,0.189602000,0.00500849634409,0,2,adaptive-confirm-small-tf32-resident-b1-s3-o3.txt
0,2,tf32,resident,small,1,3,2,300,0.188456000,0.00500722741708,0,2,adaptive-confirm-small-tf32-resident-b1-s3-o3.txt
0,2,tf32,resident,small,1,3,3,300,0.193297333,0.00500619225204,0,2,adaptive-confirm-small-tf32-resident-b1-s3-o3.txt
0,2,tf32,resident,small,1,3,4,300,0.192113333,0.00500533636659,-0.425131387415,2,adaptive-confirm-small-tf32-resident-b1-s3-o3.txt
0,2,tf32,resident,small,1,4,0,300,0.194095000,0.00500919017941,0,2,adaptive-confirm-small-tf32-resident-b1-s4-o0.txt
0,2,tf32,resident,small,1,4,1,300,0.189886667,0.00500794267282,0,2,adaptive-confirm-small-tf32-resident-b1-s4-o0.txt
0,2,tf32,resident,small,1,4,2,300,0.189441000,0.00500693963841,0,2,adaptive-confirm-small-tf32-resident-b1-s4-o0.txt
0,2,tf32,resident,small,1,4,3,300,0.199879000,0.0050061144866,0,2,adaptive-confirm-small-tf32-resident-b1-s4-o0.txt
0,2,tf32,resident,small,1,4,4,300,0.200831333,0.00500543043017,-0.780709491821,2,adaptive-confirm-small-tf32-resident-b1-s4-o0.txt
2,2,tf32,resident,small,1,4,0,300,0.188131000,0.00500919017941,0,2,adaptive-confirm-small-tf32-resident-b1-s4-o1.txt
2,2,tf32,resident,small,1,4,1,300,0.187616000,0.00500794267282,0,2,adaptive-confirm-small-tf32-resident-b1-s4-o1.txt
2,2,tf32,resident,small,1,4,2,300,0.189481333,0.00500693917274,0,2,adaptive-confirm-small-tf32-resident-b1-s4-o1.txt
2,2,tf32,resident,small,1,4,3,300,0.187860667,0.00500611495227,0,2,adaptive-confirm-small-tf32-resident-b1-s4-o1.txt
2,2,tf32,resident,small,1,4,4,300,0.188208333,0.00500543089584,-0.780708086142,2,adaptive-confirm-small-tf32-resident-b1-s4-o1.txt
2,2,tf32,resident,small,1,4,0,300,0.187996333,0.00500919017941,0,2,adaptive-confirm-small-tf32-resident-b1-s4-o2.txt
2,2,tf32,resident,small,1,4,1,300,0.187425667,0.00500794267282,0,2,adaptive-confirm-small-tf32-resident-b1-s4-o2.txt
2,2,tf32,resident,small,1,4,2,300,0.189997333,0.00500693917274,0,2,adaptive-confirm-small-tf32-resident-b1-s4-o2.txt
2,2,tf32,resident,small,1,4,3,300,0.199056667,0.00500611495227,0,2,adaptive-confirm-small-tf32-resident-b1-s4-o2.txt
2,2,tf32,resident,small,1,4,4,300,0.186970667,0.00500543089584,-0.780708086142,2,adaptive-confirm-small-tf32-resident-b1-s4-o2.txt
0,2,tf32,resident,small,1,4,0,300,0.196681667,0.00500919017941,0,2,adaptive-confirm-small-tf32-resident-b1-s4-o3.txt
0,2,tf32,resident,small,1,4,1,300,0.190514667,0.00500794267282,0,2,adaptive-confirm-small-tf32-resident-b1-s4-o3.txt
0,2,tf32,resident,small,1,4,2,300,0.189205000,0.00500693963841,0,2,adaptive-confirm-small-tf32-resident-b1-s4-o3.txt
0,2,tf32,resident,small,1,4,3,300,0.196293333,0.0050061144866,0,2,adaptive-confirm-small-tf32-resident-b1-s4-o3.txt
0,2,tf32,resident,small,1,4,4,300,0.194432333,0.00500543043017,-0.780709491821,2,adaptive-confirm-small-tf32-resident-b1-s4-o3.txt
0,2,tf32,resident,small,1,5,0,300,0.197211667,0.00501003582031,0,2,adaptive-confirm-small-tf32-resident-b1-s5-o0.txt
0,2,tf32,resident,small,1,5,1,300,0.191705000,0.00500888610259,0,2,adaptive-confirm-small-tf32-resident-b1-s5-o0.txt
0,2,tf32,resident,small,1,5,2,300,0.189569000,0.00500793382525,0,2,adaptive-confirm-small-tf32-resident-b1-s5-o0.txt
0,2,tf32,resident,small,1,5,3,300,0.193633333,0.00500713568181,0,2,adaptive-confirm-small-tf32-resident-b1-s5-o0.txt
0,2,tf32,resident,small,1,5,4,300,0.189665667,0.00500645674765,0.486916238305,2,adaptive-confirm-small-tf32-resident-b1-s5-o0.txt
2,2,tf32,resident,small,1,5,0,300,0.190328667,0.00501003535464,0,2,adaptive-confirm-small-tf32-resident-b1-s5-o1.txt
2,2,tf32,resident,small,1,5,1,300,0.201550667,0.00500888563693,0,2,adaptive-confirm-small-tf32-resident-b1-s5-o1.txt
2,2,tf32,resident,small,1,5,2,300,0.186549667,0.00500793382525,0,2,adaptive-confirm-small-tf32-resident-b1-s5-o1.txt
2,2,tf32,resident,small,1,5,3,300,0.186864333,0.00500713568181,0,2,adaptive-confirm-small-tf32-resident-b1-s5-o1.txt
2,2,tf32,resident,small,1,5,4,300,0.187699667,0.00500645674765,0.486917313985,2,adaptive-confirm-small-tf32-resident-b1-s5-o1.txt
2,2,tf32,resident,small,1,5,0,300,0.201197000,0.00501003535464,0,2,adaptive-confirm-small-tf32-resident-b1-s5-o2.txt
2,2,tf32,resident,small,1,5,1,300,0.187932667,0.00500888563693,0,2,adaptive-confirm-small-tf32-resident-b1-s5-o2.txt
2,2,tf32,resident,small,1,5,2,300,0.188307000,0.00500793382525,0,2,adaptive-confirm-small-tf32-resident-b1-s5-o2.txt
2,2,tf32,resident,small,1,5,3,300,0.193900000,0.00500713568181,0,2,adaptive-confirm-small-tf32-resident-b1-s5-o2.txt
2,2,tf32,resident,small,1,5,4,300,0.189334333,0.00500645674765,0.486917313985,2,adaptive-confirm-small-tf32-resident-b1-s5-o2.txt
0,2,tf32,resident,small,1,5,0,300,0.196670000,0.00501003582031,0,2,adaptive-confirm-small-tf32-resident-b1-s5-o3.txt
0,2,tf32,resident,small,1,5,1,300,0.194730667,0.00500888610259,0,2,adaptive-confirm-small-tf32-resident-b1-s5-o3.txt
0,2,tf32,resident,small,1,5,2,300,0.195291000,0.00500793382525,0,2,adaptive-confirm-small-tf32-resident-b1-s5-o3.txt
0,2,tf32,resident,small,1,5,3,300,0.189213000,0.00500713568181,0,2,adaptive-confirm-small-tf32-resident-b1-s5-o3.txt
0,2,tf32,resident,small,1,5,4,300,0.189913000,0.00500645674765,0.486916238305,2,adaptive-confirm-small-tf32-resident-b1-s5-o3.txt
0,2,f32,host,tiny,0,3,0,400,0.219972750,0.00508219469339,0,2,adaptive-confirm-tiny-f32-host-b0-s3-o0.txt
0,2,f32,host,tiny,0,3,1,400,0.211567500,0.00507082836702,0,2,adaptive-confirm-tiny-f32-host-b0-s3-o0.txt
0,2,f32,host,tiny,0,3,2,400,0.234700250,0.00507961260155,0,2,adaptive-confirm-tiny-f32-host-b0-s3-o0.txt
0,2,f32,host,tiny,0,3,3,400,0.210581500,0.00509297521785,0,2,adaptive-confirm-tiny-f32-host-b0-s3-o0.txt
0,2,f32,host,tiny,0,3,4,400,0.205074000,0.00510565610602,0.319880302029,2,adaptive-confirm-tiny-f32-host-b0-s3-o0.txt
2,2,f32,host,tiny,0,3,0,400,0.218380250,0.00508219469339,0,2,adaptive-confirm-tiny-f32-host-b0-s3-o1.txt
2,2,f32,host,tiny,0,3,1,400,0.206067500,0.00507082836702,0,2,adaptive-confirm-tiny-f32-host-b0-s3-o1.txt
2,2,f32,host,tiny,0,3,2,400,0.228688000,0.00507961260155,0,2,adaptive-confirm-tiny-f32-host-b0-s3-o1.txt
2,2,f32,host,tiny,0,3,3,400,0.210455500,0.00509297521785,0,2,adaptive-confirm-tiny-f32-host-b0-s3-o1.txt
2,2,f32,host,tiny,0,3,4,400,0.212255000,0.00510565610602,0.319880302029,2,adaptive-confirm-tiny-f32-host-b0-s3-o1.txt
2,2,f32,host,tiny,0,3,0,400,0.218552000,0.00508219469339,0,2,adaptive-confirm-tiny-f32-host-b0-s3-o2.txt
2,2,f32,host,tiny,0,3,1,400,0.208605750,0.00507082836702,0,2,adaptive-confirm-tiny-f32-host-b0-s3-o2.txt
2,2,f32,host,tiny,0,3,2,400,0.204214500,0.00507961260155,0,2,adaptive-confirm-tiny-f32-host-b0-s3-o2.txt
2,2,f32,host,tiny,0,3,3,400,0.200867000,0.00509297521785,0,2,adaptive-confirm-tiny-f32-host-b0-s3-o2.txt
2,2,f32,host,tiny,0,3,4,400,0.211760750,0.00510565610602,0.319880302029,2,adaptive-confirm-tiny-f32-host-b0-s3-o2.txt
0,2,f32,host,tiny,0,3,0,400,0.207815250,0.00508219469339,0,2,adaptive-confirm-tiny-f32-host-b0-s3-o3.txt
0,2,f32,host,tiny,0,3,1,400,0.208727000,0.00507082836702,0,2,adaptive-confirm-tiny-f32-host-b0-s3-o3.txt
0,2,f32,host,tiny,0,3,2,400,0.220647000,0.00507961260155,0,2,adaptive-confirm-tiny-f32-host-b0-s3-o3.txt
0,2,f32,host,tiny,0,3,3,400,0.199560000,0.00509297521785,0,2,adaptive-confirm-tiny-f32-host-b0-s3-o3.txt
0,2,f32,host,tiny,0,3,4,400,0.200534750,0.00510565610602,0.319880302029,2,adaptive-confirm-tiny-f32-host-b0-s3-o3.txt
0,2,f32,host,tiny,0,4,0,400,0.198734250,0.00509841600433,0,2,adaptive-confirm-tiny-f32-host-b0-s4-o0.txt
0,2,f32,host,tiny,0,4,1,400,0.205852500,0.00509387208149,0,2,adaptive-confirm-tiny-f32-host-b0-s4-o0.txt
0,2,f32,host,tiny,0,4,2,400,0.205831000,0.00510494876653,0,2,adaptive-confirm-tiny-f32-host-b0-s4-o0.txt
0,2,f32,host,tiny,0,4,3,400,0.211071000,0.00511842174456,0,2,adaptive-confirm-tiny-f32-host-b0-s4-o0.txt
0,2,f32,host,tiny,0,4,4,400,0.205335000,0.00513019459322,0.649056015352,2,adaptive-confirm-tiny-f32-host-b0-s4-o0.txt
2,2,f32,host,tiny,0,4,0,400,0.220064500,0.00509841600433,0,2,adaptive-confirm-tiny-f32-host-b0-s4-o1.txt
2,2,f32,host,tiny,0,4,1,400,0.211856750,0.00509387208149,0,2,adaptive-confirm-tiny-f32-host-b0-s4-o1.txt
2,2,f32,host,tiny,0,4,2,400,0.207187500,0.00510494876653,0,2,adaptive-confirm-tiny-f32-host-b0-s4-o1.txt
2,2,f32,host,tiny,0,4,3,400,0.227867500,0.00511842174456,0,2,adaptive-confirm-tiny-f32-host-b0-s4-o1.txt
2,2,f32,host,tiny,0,4,4,400,0.202442000,0.00513019459322,0.649056015352,2,adaptive-confirm-tiny-f32-host-b0-s4-o1.txt
2,2,f32,host,tiny,0,4,0,400,0.221555250,0.00509841600433,0,2,adaptive-confirm-tiny-f32-host-b0-s4-o2.txt
2,2,f32,host,tiny,0,4,1,400,0.208930000,0.00509387208149,0,2,adaptive-confirm-tiny-f32-host-b0-s4-o2.txt
2,2,f32,host,tiny,0,4,2,400,0.205729500,0.00510494876653,0,2,adaptive-confirm-tiny-f32-host-b0-s4-o2.txt
2,2,f32,host,tiny,0,4,3,400,0.204935250,0.00511842174456,0,2,adaptive-confirm-tiny-f32-host-b0-s4-o2.txt
2,2,f32,host,tiny,0,4,4,400,0.200611250,0.00513019459322,0.649056015352,2,adaptive-confirm-tiny-f32-host-b0-s4-o2.txt
0,2,f32,host,tiny,0,4,0,400,0.208435250,0.00509841600433,0,2,adaptive-confirm-tiny-f32-host-b0-s4-o3.txt
0,2,f32,host,tiny,0,4,1,400,0.206174000,0.00509387208149,0,2,adaptive-confirm-tiny-f32-host-b0-s4-o3.txt
0,2,f32,host,tiny,0,4,2,400,0.222690500,0.00510494876653,0,2,adaptive-confirm-tiny-f32-host-b0-s4-o3.txt
0,2,f32,host,tiny,0,4,3,400,0.214711750,0.00511842174456,0,2,adaptive-confirm-tiny-f32-host-b0-s4-o3.txt
0,2,f32,host,tiny,0,4,4,400,0.216101000,0.00513019459322,0.649056015352,2,adaptive-confirm-tiny-f32-host-b0-s4-o3.txt
0,2,f32,host,tiny,0,5,0,400,0.205658000,0.00510850548744,0,2,adaptive-confirm-tiny-f32-host-b0-s5-o0.txt
0,2,f32,host,tiny,0,5,1,400,0.217005500,0.00510447146371,0,2,adaptive-confirm-tiny-f32-host-b0-s5-o0.txt
0,2,f32,host,tiny,0,5,2,400,0.227483250,0.00511820334941,0,2,adaptive-confirm-tiny-f32-host-b0-s5-o0.txt
0,2,f32,host,tiny,0,5,3,400,0.219498250,0.0051346346736,0,2,adaptive-confirm-tiny-f32-host-b0-s5-o0.txt
0,2,f32,host,tiny,0,5,4,400,0.209239250,0.00514897471294,-1.01526342998,2,adaptive-confirm-tiny-f32-host-b0-s5-o0.txt
2,2,f32,host,tiny,0,5,0,400,0.219576000,0.00510850548744,0,2,adaptive-confirm-tiny-f32-host-b0-s5-o1.txt
2,2,f32,host,tiny,0,5,1,400,0.202214500,0.00510447146371,0,2,adaptive-confirm-tiny-f32-host-b0-s5-o1.txt
2,2,f32,host,tiny,0,5,2,400,0.211477500,0.00511820334941,0,2,adaptive-confirm-tiny-f32-host-b0-s5-o1.txt
2,2,f32,host,tiny,0,5,3,400,0.202756750,0.0051346346736,0,2,adaptive-confirm-tiny-f32-host-b0-s5-o1.txt
2,2,f32,host,tiny,0,5,4,400,0.205187250,0.00514897471294,-1.01526342998,2,adaptive-confirm-tiny-f32-host-b0-s5-o1.txt
2,2,f32,host,tiny,0,5,0,400,0.224826750,0.00510850548744,0,2,adaptive-confirm-tiny-f32-host-b0-s5-o2.txt
2,2,f32,host,tiny,0,5,1,400,0.208248250,0.00510447146371,0,2,adaptive-confirm-tiny-f32-host-b0-s5-o2.txt
2,2,f32,host,tiny,0,5,2,400,0.206837250,0.00511820334941,0,2,adaptive-confirm-tiny-f32-host-b0-s5-o2.txt
2,2,f32,host,tiny,0,5,3,400,0.209446500,0.0051346346736,0,2,adaptive-confirm-tiny-f32-host-b0-s5-o2.txt
2,2,f32,host,tiny,0,5,4,400,0.225289250,0.00514897471294,-1.01526342998,2,adaptive-confirm-tiny-f32-host-b0-s5-o2.txt
0,2,f32,host,tiny,0,5,0,400,0.198086750,0.00510850548744,0,2,adaptive-confirm-tiny-f32-host-b0-s5-o3.txt
0,2,f32,host,tiny,0,5,1,400,0.200447000,0.00510447146371,0,2,adaptive-confirm-tiny-f32-host-b0-s5-o3.txt
0,2,f32,host,tiny,0,5,2,400,0.213771250,0.00511820334941,0,2,adaptive-confirm-tiny-f32-host-b0-s5-o3.txt
0,2,f32,host,tiny,0,5,3,400,0.202710250,0.0051346346736,0,2,adaptive-confirm-tiny-f32-host-b0-s5-o3.txt
0,2,f32,host,tiny,0,5,4,400,0.219814250,0.00514897471294,-1.01526342998,2,adaptive-confirm-tiny-f32-host-b0-s5-o3.txt
0,2,f32,host,tiny,1,3,0,400,0.213775000,0.00508755072951,0,2,adaptive-confirm-tiny-f32-host-b1-s3-o0.txt
0,2,f32,host,tiny,1,3,1,400,0.222810000,0.00507346587256,0,2,adaptive-confirm-tiny-f32-host-b1-s3-o0.txt
0,2,f32,host,tiny,1,3,2,400,0.223159250,0.00508102960885,0,2,adaptive-confirm-tiny-f32-host-b1-s3-o0.txt
0,2,f32,host,tiny,1,3,3,400,0.219893500,0.00509402994066,0,2,adaptive-confirm-tiny-f32-host-b1-s3-o0.txt
0,2,f32,host,tiny,1,3,4,400,0.230582250,0.00510682584718,0.312516568362,2,adaptive-confirm-tiny-f32-host-b1-s3-o0.txt
2,2,f32,host,tiny,1,3,0,400,0.221865500,0.00508755072951,0,2,adaptive-confirm-tiny-f32-host-b1-s3-o1.txt
2,2,f32,host,tiny,1,3,1,400,0.226911000,0.00507346587256,0,2,adaptive-confirm-tiny-f32-host-b1-s3-o1.txt
2,2,f32,host,tiny,1,3,2,400,0.220061500,0.00508102960885,0,2,adaptive-confirm-tiny-f32-host-b1-s3-o1.txt
2,2,f32,host,tiny,1,3,3,400,0.214881750,0.00509402994066,0,2,adaptive-confirm-tiny-f32-host-b1-s3-o1.txt
2,2,f32,host,tiny,1,3,4,400,0.223348000,0.00510682584718,0.312516568362,2,adaptive-confirm-tiny-f32-host-b1-s3-o1.txt
2,2,f32,host,tiny,1,3,0,400,0.222294000,0.00508755072951,0,2,adaptive-confirm-tiny-f32-host-b1-s3-o2.txt
2,2,f32,host,tiny,1,3,1,400,0.216632500,0.00507346587256,0,2,adaptive-confirm-tiny-f32-host-b1-s3-o2.txt
2,2,f32,host,tiny,1,3,2,400,0.235838000,0.00508102960885,0,2,adaptive-confirm-tiny-f32-host-b1-s3-o2.txt
2,2,f32,host,tiny,1,3,3,400,0.222937000,0.00509402994066,0,2,adaptive-confirm-tiny-f32-host-b1-s3-o2.txt
2,2,f32,host,tiny,1,3,4,400,0.219759250,0.00510682584718,0.312516568362,2,adaptive-confirm-tiny-f32-host-b1-s3-o2.txt
0,2,f32,host,tiny,1,3,0,400,0.209572000,0.00508755072951,0,2,adaptive-confirm-tiny-f32-host-b1-s3-o3.txt
0,2,f32,host,tiny,1,3,1,400,0.213491250,0.00507346587256,0,2,adaptive-confirm-tiny-f32-host-b1-s3-o3.txt
0,2,f32,host,tiny,1,3,2,400,0.209760250,0.00508102960885,0,2,adaptive-confirm-tiny-f32-host-b1-s3-o3.txt
0,2,f32,host,tiny,1,3,3,400,0.216094250,0.00509402994066,0,2,adaptive-confirm-tiny-f32-host-b1-s3-o3.txt
0,2,f32,host,tiny,1,3,4,400,0.218608500,0.00510682584718,0.312516568362,2,adaptive-confirm-tiny-f32-host-b1-s3-o3.txt
0,2,f32,host,tiny,1,4,0,400,0.224510750,0.00509860925376,0,2,adaptive-confirm-tiny-f32-host-b1-s4-o0.txt
0,2,f32,host,tiny,1,4,1,400,0.225547750,0.00509325414896,0,2,adaptive-confirm-tiny-f32-host-b1-s4-o0.txt
0,2,f32,host,tiny,1,4,2,400,0.231267250,0.00510466005653,0,2,adaptive-confirm-tiny-f32-host-b1-s4-o0.txt
0,2,f32,host,tiny,1,4,3,400,0.228702500,0.0051186173223,0,2,adaptive-confirm-tiny-f32-host-b1-s4-o0.txt
0,2,f32,host,tiny,1,4,4,400,0.242092750,0.00513083674014,0.609040213933,2,adaptive-confirm-tiny-f32-host-b1-s4-o0.txt
2,2,f32,host,tiny,1,4,0,400,0.208591750,0.00509860925376,0,2,adaptive-confirm-tiny-f32-host-b1-s4-o1.txt
2,2,f32,host,tiny,1,4,1,400,0.234684750,0.00509325414896,0,2,adaptive-confirm-tiny-f32-host-b1-s4-o1.txt
2,2,f32,host,tiny,1,4,2,400,0.227273000,0.00510466005653,0,2,adaptive-confirm-tiny-f32-host-b1-s4-o1.txt
2,2,f32,host,tiny,1,4,3,400,0.222984250,0.0051186173223,0,2,adaptive-confirm-tiny-f32-host-b1-s4-o1.txt
2,2,f32,host,tiny,1,4,4,400,0.212601750,0.00513083674014,0.609040213933,2,adaptive-confirm-tiny-f32-host-b1-s4-o1.txt
2,2,f32,host,tiny,1,4,0,400,0.226296750,0.00509860925376,0,2,adaptive-confirm-tiny-f32-host-b1-s4-o2.txt
2,2,f32,host,tiny,1,4,1,400,0.215679750,0.00509325414896,0,2,adaptive-confirm-tiny-f32-host-b1-s4-o2.txt
2,2,f32,host,tiny,1,4,2,400,0.233214750,0.00510466005653,0,2,adaptive-confirm-tiny-f32-host-b1-s4-o2.txt
2,2,f32,host,tiny,1,4,3,400,0.227542750,0.0051186173223,0,2,adaptive-confirm-tiny-f32-host-b1-s4-o2.txt
2,2,f32,host,tiny,1,4,4,400,0.210946000,0.00513083674014,0.609040213933,2,adaptive-confirm-tiny-f32-host-b1-s4-o2.txt
0,2,f32,host,tiny,1,4,0,400,0.229424000,0.00509860925376,0,2,adaptive-confirm-tiny-f32-host-b1-s4-o3.txt
0,2,f32,host,tiny,1,4,1,400,0.225595250,0.00509325414896,0,2,adaptive-confirm-tiny-f32-host-b1-s4-o3.txt
0,2,f32,host,tiny,1,4,2,400,0.221005750,0.00510466005653,0,2,adaptive-confirm-tiny-f32-host-b1-s4-o3.txt
0,2,f32,host,tiny,1,4,3,400,0.226830500,0.0051186173223,0,2,adaptive-confirm-tiny-f32-host-b1-s4-o3.txt
0,2,f32,host,tiny,1,4,4,400,0.226651500,0.00513083674014,0.609040213933,2,adaptive-confirm-tiny-f32-host-b1-s4-o3.txt
0,2,f32,host,tiny,1,5,0,400,0.229386000,0.00510893017054,0,2,adaptive-confirm-tiny-f32-host-b1-s5-o0.txt
0,2,f32,host,tiny,1,5,1,400,0.229114500,0.00510550104082,0,2,adaptive-confirm-tiny-f32-host-b1-s5-o0.txt
0,2,f32,host,tiny,1,5,2,400,0.227865000,0.00512002920732,0,2,adaptive-confirm-tiny-f32-host-b1-s5-o0.txt
0,2,f32,host,tiny,1,5,3,400,0.235258250,0.00513703702018,0,2,adaptive-confirm-tiny-f32-host-b1-s5-o0.txt
0,2,f32,host,tiny,1,5,4,400,0.221319500,0.00515170302242,-1.00585733508,2,adaptive-confirm-tiny-f32-host-b1-s5-o0.txt
2,2,f32,host,tiny,1,5,0,400,0.203574000,0.00510893017054,0,2,adaptive-confirm-tiny-f32-host-b1-s5-o1.txt
2,2,f32,host,tiny,1,5,1,400,0.219647500,0.00510550104082,0,2,adaptive-confirm-tiny-f32-host-b1-s5-o1.txt
2,2,f32,host,tiny,1,5,2,400,0.226828000,0.00512002920732,0,2,adaptive-confirm-tiny-f32-host-b1-s5-o1.txt
2,2,f32,host,tiny,1,5,3,400,0.217488750,0.00513703702018,0,2,adaptive-confirm-tiny-f32-host-b1-s5-o1.txt
2,2,f32,host,tiny,1,5,4,400,0.215343000,0.00515170302242,-1.00585733508,2,adaptive-confirm-tiny-f32-host-b1-s5-o1.txt
2,2,f32,host,tiny,1,5,0,400,0.205732500,0.00510893017054,0,2,adaptive-confirm-tiny-f32-host-b1-s5-o2.txt
2,2,f32,host,tiny,1,5,1,400,0.236190750,0.00510550104082,0,2,adaptive-confirm-tiny-f32-host-b1-s5-o2.txt
2,2,f32,host,tiny,1,5,2,400,0.223028750,0.00512002920732,0,2,adaptive-confirm-tiny-f32-host-b1-s5-o2.txt
2,2,f32,host,tiny,1,5,3,400,0.225280250,0.00513703702018,0,2,adaptive-confirm-tiny-f32-host-b1-s5-o2.txt
2,2,f32,host,tiny,1,5,4,400,0.229162250,0.00515170302242,-1.00585733508,2,adaptive-confirm-tiny-f32-host-b1-s5-o2.txt
0,2,f32,host,tiny,1,5,0,400,0.214220000,0.00510893017054,0,2,adaptive-confirm-tiny-f32-host-b1-s5-o3.txt
0,2,f32,host,tiny,1,5,1,400,0.219201750,0.00510550104082,0,2,adaptive-confirm-tiny-f32-host-b1-s5-o3.txt
0,2,f32,host,tiny,1,5,2,400,0.227930500,0.00512002920732,0,2,adaptive-confirm-tiny-f32-host-b1-s5-o3.txt
0,2,f32,host,tiny,1,5,3,400,0.230287000,0.00513703702018,0,2,adaptive-confirm-tiny-f32-host-b1-s5-o3.txt
0,2,f32,host,tiny,1,5,4,400,0.215278250,0.00515170302242,-1.00585733508,2,adaptive-confirm-tiny-f32-host-b1-s5-o3.txt
0,2,f32,resident,tiny,0,3,0,400,0.098609000,0.00506921531633,0,2,adaptive-confirm-tiny-f32-resident-b0-s3-o0.txt
0,2,f32,resident,tiny,0,3,1,400,0.093057250,0.0050322576426,0,2,adaptive-confirm-tiny-f32-resident-b0-s3-o0.txt
0,2,f32,resident,tiny,0,3,2,400,0.094221000,0.00501771317795,0,2,adaptive-confirm-tiny-f32-resident-b0-s3-o0.txt
0,2,f32,resident,tiny,0,3,3,400,0.099084000,0.00501076830551,0,2,adaptive-confirm-tiny-f32-resident-b0-s3-o0.txt
0,2,f32,resident,tiny,0,3,4,400,0.100492000,0.00500701414421,0.323275548202,2,adaptive-confirm-tiny-f32-resident-b0-s3-o0.txt
2,2,f32,resident,tiny,0,3,0,400,0.093694250,0.00506921531633,0,2,adaptive-confirm-tiny-f32-resident-b0-s3-o1.txt
2,2,f32,resident,tiny,0,3,1,400,0.093024500,0.0050322576426,0,2,adaptive-confirm-tiny-f32-resident-b0-s3-o1.txt
2,2,f32,resident,tiny,0,3,2,400,0.091947750,0.00501771317795,0,2,adaptive-confirm-tiny-f32-resident-b0-s3-o1.txt
2,2,f32,resident,tiny,0,3,3,400,0.092338250,0.00501076830551,0,2,adaptive-confirm-tiny-f32-resident-b0-s3-o1.txt
2,2,f32,resident,tiny,0,3,4,400,0.093449000,0.00500701414421,0.323275548202,2,adaptive-confirm-tiny-f32-resident-b0-s3-o1.txt
2,2,f32,resident,tiny,0,3,0,400,0.106310500,0.00506921531633,0,2,adaptive-confirm-tiny-f32-resident-b0-s3-o2.txt
2,2,f32,resident,tiny,0,3,1,400,0.112317000,0.0050322576426,0,2,adaptive-confirm-tiny-f32-resident-b0-s3-o2.txt
2,2,f32,resident,tiny,0,3,2,400,0.101043000,0.00501771317795,0,2,adaptive-confirm-tiny-f32-resident-b0-s3-o2.txt
2,2,f32,resident,tiny,0,3,3,400,0.091514500,0.00501076830551,0,2,adaptive-confirm-tiny-f32-resident-b0-s3-o2.txt
2,2,f32,resident,tiny,0,3,4,400,0.089316000,0.00500701414421,0.323275548202,2,adaptive-confirm-tiny-f32-resident-b0-s3-o2.txt
0,2,f32,resident,tiny,0,3,0,400,0.089395500,0.00506921531633,0,2,adaptive-confirm-tiny-f32-resident-b0-s3-o3.txt
0,2,f32,resident,tiny,0,3,1,400,0.090112000,0.0050322576426,0,2,adaptive-confirm-tiny-f32-resident-b0-s3-o3.txt
0,2,f32,resident,tiny,0,3,2,400,0.090296250,0.00501771317795,0,2,adaptive-confirm-tiny-f32-resident-b0-s3-o3.txt
0,2,f32,resident,tiny,0,3,3,400,0.089328250,0.00501076830551,0,2,adaptive-confirm-tiny-f32-resident-b0-s3-o3.txt
0,2,f32,resident,tiny,0,3,4,400,0.088703750,0.00500701414421,0.323275548202,2,adaptive-confirm-tiny-f32-resident-b0-s3-o3.txt
0,2,f32,resident,tiny,0,4,0,400,0.092091750,0.00506907561794,0,2,adaptive-confirm-tiny-f32-resident-b0-s4-o0.txt
0,2,f32,resident,tiny,0,4,1,400,0.090990250,0.00503291003406,0,2,adaptive-confirm-tiny-f32-resident-b0-s4-o0.txt
0,2,f32,resident,tiny,0,4,2,400,0.086864500,0.00501832924783,0,2,adaptive-confirm-tiny-f32-resident-b0-s4-o0.txt
0,2,f32,resident,tiny,0,4,3,400,0.086702000,0.00501113664359,0,2,adaptive-confirm-tiny-f32-resident-b0-s4-o0.txt
0,2,f32,resident,tiny,0,4,4,400,0.090456500,0.0050071538426,0.629868917823,2,adaptive-confirm-tiny-f32-resident-b0-s4-o0.txt
2,2,f32,resident,tiny,0,4,0,400,0.090505500,0.00506907561794,0,2,adaptive-confirm-tiny-f32-resident-b0-s4-o1.txt
2,2,f32,resident,tiny,0,4,1,400,0.096120250,0.00503291003406,0,2,adaptive-confirm-tiny-f32-resident-b0-s4-o1.txt
2,2,f32,resident,tiny,0,4,2,400,0.097970250,0.00501832924783,0,2,adaptive-confirm-tiny-f32-resident-b0-s4-o1.txt
2,2,f32,resident,tiny,0,4,3,400,0.096563500,0.00501113664359,0,2,adaptive-confirm-tiny-f32-resident-b0-s4-o1.txt
2,2,f32,resident,tiny,0,4,4,400,0.101193250,0.0050071538426,0.629868917823,2,adaptive-confirm-tiny-f32-resident-b0-s4-o1.txt
2,2,f32,resident,tiny,0,4,0,400,0.093246250,0.00506907561794,0,2,adaptive-confirm-tiny-f32-resident-b0-s4-o2.txt
2,2,f32,resident,tiny,0,4,1,400,0.090009000,0.00503291003406,0,2,adaptive-confirm-tiny-f32-resident-b0-s4-o2.txt
2,2,f32,resident,tiny,0,4,2,400,0.089394000,0.00501832924783,0,2,adaptive-confirm-tiny-f32-resident-b0-s4-o2.txt
2,2,f32,resident,tiny,0,4,3,400,0.091264250,0.00501113664359,0,2,adaptive-confirm-tiny-f32-resident-b0-s4-o2.txt
2,2,f32,resident,tiny,0,4,4,400,0.090375250,0.0050071538426,0.629868917823,2,adaptive-confirm-tiny-f32-resident-b0-s4-o2.txt
0,2,f32,resident,tiny,0,4,0,400,0.102717000,0.00506907561794,0,2,adaptive-confirm-tiny-f32-resident-b0-s4-o3.txt
0,2,f32,resident,tiny,0,4,1,400,0.101054250,0.00503291003406,0,2,adaptive-confirm-tiny-f32-resident-b0-s4-o3.txt
0,2,f32,resident,tiny,0,4,2,400,0.096579750,0.00501832924783,0,2,adaptive-confirm-tiny-f32-resident-b0-s4-o3.txt
0,2,f32,resident,tiny,0,4,3,400,0.103606000,0.00501113664359,0,2,adaptive-confirm-tiny-f32-resident-b0-s4-o3.txt
0,2,f32,resident,tiny,0,4,4,400,0.103456500,0.0050071538426,0.629868917823,2,adaptive-confirm-tiny-f32-resident-b0-s4-o3.txt
0,2,f32,resident,tiny,0,5,0,400,0.115831000,0.00507058575749,0,2,adaptive-confirm-tiny-f32-resident-b0-s5-o0.txt
0,2,f32,resident,tiny,0,5,1,400,0.099294250,0.00503130070865,0,2,adaptive-confirm-tiny-f32-resident-b0-s5-o0.txt
0,2,f32,resident,tiny,0,5,2,400,0.100187750,0.0050169993192,0,2,adaptive-confirm-tiny-f32-resident-b0-s5-o0.txt
0,2,f32,resident,tiny,0,5,3,400,0.105386250,0.0050104977563,0,2,adaptive-confirm-tiny-f32-resident-b0-s5-o0.txt
0,2,f32,resident,tiny,0,5,4,400,0.098352500,0.00500707654282,-1.02417406778,2,adaptive-confirm-tiny-f32-resident-b0-s5-o0.txt
2,2,f32,resident,tiny,0,5,0,400,0.097798000,0.00507058575749,0,2,adaptive-confirm-tiny-f32-resident-b0-s5-o1.txt
2,2,f32,resident,tiny,0,5,1,400,0.096366500,0.00503130070865,0,2,adaptive-confirm-tiny-f32-resident-b0-s5-o1.txt
2,2,f32,resident,tiny,0,5,2,400,0.102477750,0.0050169993192,0,2,adaptive-confirm-tiny-f32-resident-b0-s5-o1.txt
2,2,f32,resident,tiny,0,5,3,400,0.107317250,0.0050104977563,0,2,adaptive-confirm-tiny-f32-resident-b0-s5-o1.txt
2,2,f32,resident,tiny,0,5,4,400,0.106349500,0.00500707654282,-1.02417406778,2,adaptive-confirm-tiny-f32-resident-b0-s5-o1.txt
2,2,f32,resident,tiny,0,5,0,400,0.099839000,0.00507058575749,0,2,adaptive-confirm-tiny-f32-resident-b0-s5-o2.txt
2,2,f32,resident,tiny,0,5,1,400,0.114132000,0.00503130070865,0,2,adaptive-confirm-tiny-f32-resident-b0-s5-o2.txt
2,2,f32,resident,tiny,0,5,2,400,0.120443250,0.0050169993192,0,2,adaptive-confirm-tiny-f32-resident-b0-s5-o2.txt
2,2,f32,resident,tiny,0,5,3,400,0.107123750,0.0050104977563,0,2,adaptive-confirm-tiny-f32-resident-b0-s5-o2.txt
2,2,f32,resident,tiny,0,5,4,400,0.114754500,0.00500707654282,-1.02417406778,2,adaptive-confirm-tiny-f32-resident-b0-s5-o2.txt
0,2,f32,resident,tiny,0,5,0,400,0.100696000,0.00507058575749,0,2,adaptive-confirm-tiny-f32-resident-b0-s5-o3.txt
0,2,f32,resident,tiny,0,5,1,400,0.105191000,0.00503130070865,0,2,adaptive-confirm-tiny-f32-resident-b0-s5-o3.txt
0,2,f32,resident,tiny,0,5,2,400,0.104891000,0.0050169993192,0,2,adaptive-confirm-tiny-f32-resident-b0-s5-o3.txt
0,2,f32,resident,tiny,0,5,3,400,0.109624000,0.0050104977563,0,2,adaptive-confirm-tiny-f32-resident-b0-s5-o3.txt
0,2,f32,resident,tiny,0,5,4,400,0.107869750,0.00500707654282,-1.02417406778,2,adaptive-confirm-tiny-f32-resident-b0-s5-o3.txt
0,2,f32,resident,tiny,1,3,0,400,0.110452250,0.00506954872981,0,2,adaptive-confirm-tiny-f32-resident-b1-s3-o0.txt
0,2,f32,resident,tiny,1,3,1,400,0.142328000,0.00503169931471,0,2,adaptive-confirm-tiny-f32-resident-b1-s3-o0.txt
0,2,f32,resident,tiny,1,3,2,400,0.146515750,0.00501702353358,0,2,adaptive-confirm-tiny-f32-resident-b1-s3-o0.txt
0,2,f32,resident,tiny,1,3,3,400,0.111927500,0.00501015223563,0,2,adaptive-confirm-tiny-f32-resident-b1-s3-o0.txt
0,2,f32,resident,tiny,1,3,4,400,0.125900500,0.00500651495531,0.309910137342,2,adaptive-confirm-tiny-f32-resident-b1-s3-o0.txt
2,2,f32,resident,tiny,1,3,0,400,0.108318000,0.00506954872981,0,2,adaptive-confirm-tiny-f32-resident-b1-s3-o1.txt
2,2,f32,resident,tiny,1,3,1,400,0.118161250,0.00503169931471,0,2,adaptive-confirm-tiny-f32-resident-b1-s3-o1.txt
2,2,f32,resident,tiny,1,3,2,400,0.123007000,0.00501702353358,0,2,adaptive-confirm-tiny-f32-resident-b1-s3-o1.txt
2,2,f32,resident,tiny,1,3,3,400,0.131099750,0.00501015223563,0,2,adaptive-confirm-tiny-f32-resident-b1-s3-o1.txt
2,2,f32,resident,tiny,1,3,4,400,0.145952500,0.00500651495531,0.309910137342,2,adaptive-confirm-tiny-f32-resident-b1-s3-o1.txt
2,2,f32,resident,tiny,1,3,0,400,0.109576500,0.00506954872981,0,2,adaptive-confirm-tiny-f32-resident-b1-s3-o2.txt
2,2,f32,resident,tiny,1,3,1,400,0.110080000,0.00503169931471,0,2,adaptive-confirm-tiny-f32-resident-b1-s3-o2.txt
2,2,f32,resident,tiny,1,3,2,400,0.122554750,0.00501702353358,0,2,adaptive-confirm-tiny-f32-resident-b1-s3-o2.txt
2,2,f32,resident,tiny,1,3,3,400,0.121435250,0.00501015223563,0,2,adaptive-confirm-tiny-f32-resident-b1-s3-o2.txt
2,2,f32,resident,tiny,1,3,4,400,0.118528750,0.00500651495531,0.309910137342,2,adaptive-confirm-tiny-f32-resident-b1-s3-o2.txt
0,2,f32,resident,tiny,1,3,0,400,0.117563250,0.00506954872981,0,2,adaptive-confirm-tiny-f32-resident-b1-s3-o3.txt
0,2,f32,resident,tiny,1,3,1,400,0.114171750,0.00503169931471,0,2,adaptive-confirm-tiny-f32-resident-b1-s3-o3.txt
0,2,f32,resident,tiny,1,3,2,400,0.129640000,0.00501702353358,0,2,adaptive-confirm-tiny-f32-resident-b1-s3-o3.txt
0,2,f32,resident,tiny,1,3,3,400,0.114790750,0.00501015223563,0,2,adaptive-confirm-tiny-f32-resident-b1-s3-o3.txt
0,2,f32,resident,tiny,1,3,4,400,0.132520750,0.00500651495531,0.309910137342,2,adaptive-confirm-tiny-f32-resident-b1-s3-o3.txt
0,2,f32,resident,tiny,1,4,0,400,0.123807000,0.00506937690079,0,2,adaptive-confirm-tiny-f32-resident-b1-s4-o0.txt
0,2,f32,resident,tiny,1,4,1,400,0.113691500,0.00503200758249,0,2,adaptive-confirm-tiny-f32-resident-b1-s4-o0.txt
0,2,f32,resident,tiny,1,4,2,400,0.123616750,0.00501744681969,0,2,adaptive-confirm-tiny-f32-resident-b1-s4-o0.txt
0,2,f32,resident,tiny,1,4,3,400,0.121807250,0.00501040229574,0,2,adaptive-confirm-tiny-f32-resident-b1-s4-o0.txt
0,2,f32,resident,tiny,1,4,4,400,0.123585000,0.00500656524673,0.589431145626,2,adaptive-confirm-tiny-f32-resident-b1-s4-o0.txt
2,2,f32,resident,tiny,1,4,0,400,0.138083500,0.00506937690079,0,2,adaptive-confirm-tiny-f32-resident-b1-s4-o1.txt
2,2,f32,resident,tiny,1,4,1,400,0.119112250,0.00503200758249,0,2,adaptive-confirm-tiny-f32-resident-b1-s4-o1.txt
2,2,f32,resident,tiny,1,4,2,400,0.112121500,0.00501744681969,0,2,adaptive-confirm-tiny-f32-resident-b1-s4-o1.txt
2,2,f32,resident,tiny,1,4,3,400,0.112847250,0.00501040229574,0,2,adaptive-confirm-tiny-f32-resident-b1-s4-o1.txt
2,2,f32,resident,tiny,1,4,4,400,0.117300500,0.00500656524673,0.589431145626,2,adaptive-confirm-tiny-f32-resident-b1-s4-o1.txt
2,2,f32,resident,tiny,1,4,0,400,0.124574000,0.00506937690079,0,2,adaptive-confirm-tiny-f32-resident-b1-s4-o2.txt
2,2,f32,resident,tiny,1,4,1,400,0.108453750,0.00503200758249,0,2,adaptive-confirm-tiny-f32-resident-b1-s4-o2.txt
2,2,f32,resident,tiny,1,4,2,400,0.117669500,0.00501744681969,0,2,adaptive-confirm-tiny-f32-resident-b1-s4-o2.txt
2,2,f32,resident,tiny,1,4,3,400,0.111522000,0.00501040229574,0,2,adaptive-confirm-tiny-f32-resident-b1-s4-o2.txt
2,2,f32,resident,tiny,1,4,4,400,0.114645500,0.00500656524673,0.589431145626,2,adaptive-confirm-tiny-f32-resident-b1-s4-o2.txt
0,2,f32,resident,tiny,1,4,0,400,0.110956000,0.00506937690079,0,2,adaptive-confirm-tiny-f32-resident-b1-s4-o3.txt
0,2,f32,resident,tiny,1,4,1,400,0.185866000,0.00503200758249,0,2,adaptive-confirm-tiny-f32-resident-b1-s4-o3.txt
0,2,f32,resident,tiny,1,4,2,400,0.123992000,0.00501744681969,0,2,adaptive-confirm-tiny-f32-resident-b1-s4-o3.txt
0,2,f32,resident,tiny,1,4,3,400,0.121265750,0.00501040229574,0,2,adaptive-confirm-tiny-f32-resident-b1-s4-o3.txt
0,2,f32,resident,tiny,1,4,4,400,0.129286250,0.00500656524673,0.589431145626,2,adaptive-confirm-tiny-f32-resident-b1-s4-o3.txt
0,2,f32,resident,tiny,1,5,0,400,0.127070250,0.00506906071678,0,2,adaptive-confirm-tiny-f32-resident-b1-s5-o0.txt
0,2,f32,resident,tiny,1,5,1,400,0.117898750,0.00503074703738,0,2,adaptive-confirm-tiny-f32-resident-b1-s5-o0.txt
0,2,f32,resident,tiny,1,5,2,400,0.113934500,0.00501677161083,0,2,adaptive-confirm-tiny-f32-resident-b1-s5-o0.txt
0,2,f32,resident,tiny,1,5,3,400,0.134507000,0.00501040369272,0,2,adaptive-confirm-tiny-f32-resident-b1-s5-o0.txt
0,2,f32,resident,tiny,1,5,4,400,0.117420500,0.00500704161823,-1.01621701889,2,adaptive-confirm-tiny-f32-resident-b1-s5-o0.txt
2,2,f32,resident,tiny,1,5,0,400,0.114065500,0.00506906071678,0,2,adaptive-confirm-tiny-f32-resident-b1-s5-o1.txt
2,2,f32,resident,tiny,1,5,1,400,0.110912500,0.00503074703738,0,2,adaptive-confirm-tiny-f32-resident-b1-s5-o1.txt
2,2,f32,resident,tiny,1,5,2,400,0.126953000,0.00501677161083,0,2,adaptive-confirm-tiny-f32-resident-b1-s5-o1.txt
2,2,f32,resident,tiny,1,5,3,400,0.133252250,0.00501040369272,0,2,adaptive-confirm-tiny-f32-resident-b1-s5-o1.txt
2,2,f32,resident,tiny,1,5,4,400,0.122359750,0.00500704161823,-1.01621701889,2,adaptive-confirm-tiny-f32-resident-b1-s5-o1.txt
2,2,f32,resident,tiny,1,5,0,400,0.106819000,0.00506906071678,0,2,adaptive-confirm-tiny-f32-resident-b1-s5-o2.txt
2,2,f32,resident,tiny,1,5,1,400,0.110389000,0.00503074703738,0,2,adaptive-confirm-tiny-f32-resident-b1-s5-o2.txt
2,2,f32,resident,tiny,1,5,2,400,0.114205000,0.00501677161083,0,2,adaptive-confirm-tiny-f32-resident-b1-s5-o2.txt
2,2,f32,resident,tiny,1,5,3,400,0.120883000,0.00501040369272,0,2,adaptive-confirm-tiny-f32-resident-b1-s5-o2.txt
2,2,f32,resident,tiny,1,5,4,400,0.118773750,0.00500704161823,-1.01621701889,2,adaptive-confirm-tiny-f32-resident-b1-s5-o2.txt
0,2,f32,resident,tiny,1,5,0,400,0.111151250,0.00506906071678,0,2,adaptive-confirm-tiny-f32-resident-b1-s5-o3.txt
0,2,f32,resident,tiny,1,5,1,400,0.116719500,0.00503074703738,0,2,adaptive-confirm-tiny-f32-resident-b1-s5-o3.txt
0,2,f32,resident,tiny,1,5,2,400,0.123453750,0.00501677161083,0,2,adaptive-confirm-tiny-f32-resident-b1-s5-o3.txt
0,2,f32,resident,tiny,1,5,3,400,0.121533250,0.00501040369272,0,2,adaptive-confirm-tiny-f32-resident-b1-s5-o3.txt
0,2,f32,resident,tiny,1,5,4,400,0.124344000,0.00500704161823,-1.01621701889,2,adaptive-confirm-tiny-f32-resident-b1-s5-o3.txt
0,2,tf32,host,tiny,0,3,0,400,0.166485000,0.00508219469339,0,2,adaptive-confirm-tiny-tf32-host-b0-s3-o0.txt
0,2,tf32,host,tiny,0,3,1,400,0.172307500,0.00507082836702,0,2,adaptive-confirm-tiny-tf32-host-b0-s3-o0.txt
0,2,tf32,host,tiny,0,3,2,400,0.171582750,0.00507961260155,0,2,adaptive-confirm-tiny-tf32-host-b0-s3-o0.txt
0,2,tf32,host,tiny,0,3,3,400,0.164631500,0.00509297521785,0,2,adaptive-confirm-tiny-tf32-host-b0-s3-o0.txt
0,2,tf32,host,tiny,0,3,4,400,0.167839500,0.00510565610602,0.319880302029,2,adaptive-confirm-tiny-tf32-host-b0-s3-o0.txt
2,2,tf32,host,tiny,0,3,0,400,0.162460500,0.00508219469339,0,2,adaptive-confirm-tiny-tf32-host-b0-s3-o1.txt
2,2,tf32,host,tiny,0,3,1,400,0.166660750,0.00507082836702,0,2,adaptive-confirm-tiny-tf32-host-b0-s3-o1.txt
2,2,tf32,host,tiny,0,3,2,400,0.164410000,0.00507961260155,0,2,adaptive-confirm-tiny-tf32-host-b0-s3-o1.txt
2,2,tf32,host,tiny,0,3,3,400,0.165631250,0.00509297521785,0,2,adaptive-confirm-tiny-tf32-host-b0-s3-o1.txt
2,2,tf32,host,tiny,0,3,4,400,0.163435250,0.00510565610602,0.319880302029,2,adaptive-confirm-tiny-tf32-host-b0-s3-o1.txt
2,2,tf32,host,tiny,0,3,0,400,0.172011000,0.00508219469339,0,2,adaptive-confirm-tiny-tf32-host-b0-s3-o2.txt
2,2,tf32,host,tiny,0,3,1,400,0.165373000,0.00507082836702,0,2,adaptive-confirm-tiny-tf32-host-b0-s3-o2.txt
2,2,tf32,host,tiny,0,3,2,400,0.163153000,0.00507961260155,0,2,adaptive-confirm-tiny-tf32-host-b0-s3-o2.txt
2,2,tf32,host,tiny,0,3,3,400,0.165180750,0.00509297521785,0,2,adaptive-confirm-tiny-tf32-host-b0-s3-o2.txt
2,2,tf32,host,tiny,0,3,4,400,0.168351000,0.00510565610602,0.319880302029,2,adaptive-confirm-tiny-tf32-host-b0-s3-o2.txt
0,2,tf32,host,tiny,0,3,0,400,0.178576750,0.00508219469339,0,2,adaptive-confirm-tiny-tf32-host-b0-s3-o3.txt
0,2,tf32,host,tiny,0,3,1,400,0.178082500,0.00507082836702,0,2,adaptive-confirm-tiny-tf32-host-b0-s3-o3.txt
0,2,tf32,host,tiny,0,3,2,400,0.164937750,0.00507961260155,0,2,adaptive-confirm-tiny-tf32-host-b0-s3-o3.txt
0,2,tf32,host,tiny,0,3,3,400,0.169682250,0.00509297521785,0,2,adaptive-confirm-tiny-tf32-host-b0-s3-o3.txt
0,2,tf32,host,tiny,0,3,4,400,0.166650250,0.00510565610602,0.319880302029,2,adaptive-confirm-tiny-tf32-host-b0-s3-o3.txt
0,2,tf32,host,tiny,0,4,0,400,0.171576750,0.00509841600433,0,2,adaptive-confirm-tiny-tf32-host-b0-s4-o0.txt
0,2,tf32,host,tiny,0,4,1,400,0.173275500,0.00509387208149,0,2,adaptive-confirm-tiny-tf32-host-b0-s4-o0.txt
0,2,tf32,host,tiny,0,4,2,400,0.174608500,0.00510494876653,0,2,adaptive-confirm-tiny-tf32-host-b0-s4-o0.txt
0,2,tf32,host,tiny,0,4,3,400,0.171180500,0.00511842174456,0,2,adaptive-confirm-tiny-tf32-host-b0-s4-o0.txt
0,2,tf32,host,tiny,0,4,4,400,0.173454250,0.00513019459322,0.649056015352,2,adaptive-confirm-tiny-tf32-host-b0-s4-o0.txt
2,2,tf32,host,tiny,0,4,0,400,0.163987250,0.00509841600433,0,2,adaptive-confirm-tiny-tf32-host-b0-s4-o1.txt
2,2,tf32,host,tiny,0,4,1,400,0.170337750,0.00509387208149,0,2,adaptive-confirm-tiny-tf32-host-b0-s4-o1.txt
2,2,tf32,host,tiny,0,4,2,400,0.169786000,0.00510494876653,0,2,adaptive-confirm-tiny-tf32-host-b0-s4-o1.txt
2,2,tf32,host,tiny,0,4,3,400,0.166581250,0.00511842174456,0,2,adaptive-confirm-tiny-tf32-host-b0-s4-o1.txt
2,2,tf32,host,tiny,0,4,4,400,0.172643750,0.00513019459322,0.649056015352,2,adaptive-confirm-tiny-tf32-host-b0-s4-o1.txt
2,2,tf32,host,tiny,0,4,0,400,0.163839250,0.00509841600433,0,2,adaptive-confirm-tiny-tf32-host-b0-s4-o2.txt
2,2,tf32,host,tiny,0,4,1,400,0.165106750,0.00509387208149,0,2,adaptive-confirm-tiny-tf32-host-b0-s4-o2.txt
2,2,tf32,host,tiny,0,4,2,400,0.166294000,0.00510494876653,0,2,adaptive-confirm-tiny-tf32-host-b0-s4-o2.txt
2,2,tf32,host,tiny,0,4,3,400,0.166691250,0.00511842174456,0,2,adaptive-confirm-tiny-tf32-host-b0-s4-o2.txt
2,2,tf32,host,tiny,0,4,4,400,0.179155500,0.00513019459322,0.649056015352,2,adaptive-confirm-tiny-tf32-host-b0-s4-o2.txt
0,2,tf32,host,tiny,0,4,0,400,0.162608500,0.00509841600433,0,2,adaptive-confirm-tiny-tf32-host-b0-s4-o3.txt
0,2,tf32,host,tiny,0,4,1,400,0.166984000,0.00509387208149,0,2,adaptive-confirm-tiny-tf32-host-b0-s4-o3.txt
0,2,tf32,host,tiny,0,4,2,400,0.167242500,0.00510494876653,0,2,adaptive-confirm-tiny-tf32-host-b0-s4-o3.txt
0,2,tf32,host,tiny,0,4,3,400,0.163019000,0.00511842174456,0,2,adaptive-confirm-tiny-tf32-host-b0-s4-o3.txt
0,2,tf32,host,tiny,0,4,4,400,0.163921000,0.00513019459322,0.649056015352,2,adaptive-confirm-tiny-tf32-host-b0-s4-o3.txt
0,2,tf32,host,tiny,0,5,0,400,0.161482000,0.00510850548744,0,2,adaptive-confirm-tiny-tf32-host-b0-s5-o0.txt
0,2,tf32,host,tiny,0,5,1,400,0.163688000,0.00510447146371,0,2,adaptive-confirm-tiny-tf32-host-b0-s5-o0.txt
0,2,tf32,host,tiny,0,5,2,400,0.164726500,0.00511820334941,0,2,adaptive-confirm-tiny-tf32-host-b0-s5-o0.txt
0,2,tf32,host,tiny,0,5,3,400,0.164990750,0.0051346346736,0,2,adaptive-confirm-tiny-tf32-host-b0-s5-o0.txt
0,2,tf32,host,tiny,0,5,4,400,0.163939250,0.00514897471294,-1.01526342998,2,adaptive-confirm-tiny-tf32-host-b0-s5-o0.txt
2,2,tf32,host,tiny,0,5,0,400,0.172266750,0.00510850548744,0,2,adaptive-confirm-tiny-tf32-host-b0-s5-o1.txt
2,2,tf32,host,tiny,0,5,1,400,0.168209250,0.00510447146371,0,2,adaptive-confirm-tiny-tf32-host-b0-s5-o1.txt
2,2,tf32,host,tiny,0,5,2,400,0.166175750,0.00511820334941,0,2,adaptive-confirm-tiny-tf32-host-b0-s5-o1.txt
2,2,tf32,host,tiny,0,5,3,400,0.169498500,0.0051346346736,0,2,adaptive-confirm-tiny-tf32-host-b0-s5-o1.txt
2,2,tf32,host,tiny,0,5,4,400,0.164744000,0.00514897471294,-1.01526342998,2,adaptive-confirm-tiny-tf32-host-b0-s5-o1.txt
2,2,tf32,host,tiny,0,5,0,400,0.175828000,0.00510850548744,0,2,adaptive-confirm-tiny-tf32-host-b0-s5-o2.txt
2,2,tf32,host,tiny,0,5,1,400,0.164320250,0.00510447146371,0,2,adaptive-confirm-tiny-tf32-host-b0-s5-o2.txt
2,2,tf32,host,tiny,0,5,2,400,0.168523500,0.00511820334941,0,2,adaptive-confirm-tiny-tf32-host-b0-s5-o2.txt
2,2,tf32,host,tiny,0,5,3,400,0.163867500,0.0051346346736,0,2,adaptive-confirm-tiny-tf32-host-b0-s5-o2.txt
2,2,tf32,host,tiny,0,5,4,400,0.166384750,0.00514897471294,-1.01526342998,2,adaptive-confirm-tiny-tf32-host-b0-s5-o2.txt
0,2,tf32,host,tiny,0,5,0,400,0.165040500,0.00510850548744,0,2,adaptive-confirm-tiny-tf32-host-b0-s5-o3.txt
0,2,tf32,host,tiny,0,5,1,400,0.167636250,0.00510447146371,0,2,adaptive-confirm-tiny-tf32-host-b0-s5-o3.txt
0,2,tf32,host,tiny,0,5,2,400,0.160303750,0.00511820334941,0,2,adaptive-confirm-tiny-tf32-host-b0-s5-o3.txt
0,2,tf32,host,tiny,0,5,3,400,0.165798250,0.0051346346736,0,2,adaptive-confirm-tiny-tf32-host-b0-s5-o3.txt
0,2,tf32,host,tiny,0,5,4,400,0.164252750,0.00514897471294,-1.01526342998,2,adaptive-confirm-tiny-tf32-host-b0-s5-o3.txt
0,2,tf32,host,tiny,1,3,0,400,0.185485750,0.00508755072951,0,2,adaptive-confirm-tiny-tf32-host-b1-s3-o0.txt
0,2,tf32,host,tiny,1,3,1,400,0.176491250,0.00507346587256,0,2,adaptive-confirm-tiny-tf32-host-b1-s3-o0.txt
0,2,tf32,host,tiny,1,3,2,400,0.175871000,0.00508102960885,0,2,adaptive-confirm-tiny-tf32-host-b1-s3-o0.txt
0,2,tf32,host,tiny,1,3,3,400,0.178906500,0.00509402994066,0,2,adaptive-confirm-tiny-tf32-host-b1-s3-o0.txt
0,2,tf32,host,tiny,1,3,4,400,0.178153750,0.00510682584718,0.312516568362,2,adaptive-confirm-tiny-tf32-host-b1-s3-o0.txt
2,2,tf32,host,tiny,1,3,0,400,0.176007000,0.00508755072951,0,2,adaptive-confirm-tiny-tf32-host-b1-s3-o1.txt
2,2,tf32,host,tiny,1,3,1,400,0.185327250,0.00507346587256,0,2,adaptive-confirm-tiny-tf32-host-b1-s3-o1.txt
2,2,tf32,host,tiny,1,3,2,400,0.181357000,0.00508102960885,0,2,adaptive-confirm-tiny-tf32-host-b1-s3-o1.txt
2,2,tf32,host,tiny,1,3,3,400,0.179943500,0.00509402994066,0,2,adaptive-confirm-tiny-tf32-host-b1-s3-o1.txt
2,2,tf32,host,tiny,1,3,4,400,0.178588750,0.00510682584718,0.312516568362,2,adaptive-confirm-tiny-tf32-host-b1-s3-o1.txt
2,2,tf32,host,tiny,1,3,0,400,0.191821000,0.00508755072951,0,2,adaptive-confirm-tiny-tf32-host-b1-s3-o2.txt
2,2,tf32,host,tiny,1,3,1,400,0.181573000,0.00507346587256,0,2,adaptive-confirm-tiny-tf32-host-b1-s3-o2.txt
2,2,tf32,host,tiny,1,3,2,400,0.177886000,0.00508102960885,0,2,adaptive-confirm-tiny-tf32-host-b1-s3-o2.txt
2,2,tf32,host,tiny,1,3,3,400,0.178570000,0.00509402994066,0,2,adaptive-confirm-tiny-tf32-host-b1-s3-o2.txt
2,2,tf32,host,tiny,1,3,4,400,0.178697250,0.00510682584718,0.312516568362,2,adaptive-confirm-tiny-tf32-host-b1-s3-o2.txt
0,2,tf32,host,tiny,1,3,0,400,0.175961500,0.00508755072951,0,2,adaptive-confirm-tiny-tf32-host-b1-s3-o3.txt
0,2,tf32,host,tiny,1,3,1,400,0.188889750,0.00507346587256,0,2,adaptive-confirm-tiny-tf32-host-b1-s3-o3.txt
0,2,tf32,host,tiny,1,3,2,400,0.182373000,0.00508102960885,0,2,adaptive-confirm-tiny-tf32-host-b1-s3-o3.txt
0,2,tf32,host,tiny,1,3,3,400,0.178687500,0.00509402994066,0,2,adaptive-confirm-tiny-tf32-host-b1-s3-o3.txt
0,2,tf32,host,tiny,1,3,4,400,0.176498000,0.00510682584718,0.312516568362,2,adaptive-confirm-tiny-tf32-host-b1-s3-o3.txt
0,2,tf32,host,tiny,1,4,0,400,0.179869500,0.00509860925376,0,2,adaptive-confirm-tiny-tf32-host-b1-s4-o0.txt
0,2,tf32,host,tiny,1,4,1,400,0.183932500,0.00509325414896,0,2,adaptive-confirm-tiny-tf32-host-b1-s4-o0.txt
0,2,tf32,host,tiny,1,4,2,400,0.178440500,0.00510466005653,0,2,adaptive-confirm-tiny-tf32-host-b1-s4-o0.txt
0,2,tf32,host,tiny,1,4,3,400,0.178390250,0.0051186173223,0,2,adaptive-confirm-tiny-tf32-host-b1-s4-o0.txt
0,2,tf32,host,tiny,1,4,4,400,0.177017000,0.00513083674014,0.609040213933,2,adaptive-confirm-tiny-tf32-host-b1-s4-o0.txt
2,2,tf32,host,tiny,1,4,0,400,0.188352750,0.00509860925376,0,2,adaptive-confirm-tiny-tf32-host-b1-s4-o1.txt
2,2,tf32,host,tiny,1,4,1,400,0.183038250,0.00509325414896,0,2,adaptive-confirm-tiny-tf32-host-b1-s4-o1.txt
2,2,tf32,host,tiny,1,4,2,400,0.178257250,0.00510466005653,0,2,adaptive-confirm-tiny-tf32-host-b1-s4-o1.txt
2,2,tf32,host,tiny,1,4,3,400,0.177027500,0.0051186173223,0,2,adaptive-confirm-tiny-tf32-host-b1-s4-o1.txt
2,2,tf32,host,tiny,1,4,4,400,0.183943250,0.00513083674014,0.609040213933,2,adaptive-confirm-tiny-tf32-host-b1-s4-o1.txt
2,2,tf32,host,tiny,1,4,0,400,0.175904500,0.00509860925376,0,2,adaptive-confirm-tiny-tf32-host-b1-s4-o2.txt
2,2,tf32,host,tiny,1,4,1,400,0.178075000,0.00509325414896,0,2,adaptive-confirm-tiny-tf32-host-b1-s4-o2.txt
2,2,tf32,host,tiny,1,4,2,400,0.182194250,0.00510466005653,0,2,adaptive-confirm-tiny-tf32-host-b1-s4-o2.txt
2,2,tf32,host,tiny,1,4,3,400,0.183053250,0.0051186173223,0,2,adaptive-confirm-tiny-tf32-host-b1-s4-o2.txt
2,2,tf32,host,tiny,1,4,4,400,0.180553000,0.00513083674014,0.609040213933,2,adaptive-confirm-tiny-tf32-host-b1-s4-o2.txt
0,2,tf32,host,tiny,1,4,0,400,0.176698500,0.00509860925376,0,2,adaptive-confirm-tiny-tf32-host-b1-s4-o3.txt
0,2,tf32,host,tiny,1,4,1,400,0.178856500,0.00509325414896,0,2,adaptive-confirm-tiny-tf32-host-b1-s4-o3.txt
0,2,tf32,host,tiny,1,4,2,400,0.179772250,0.00510466005653,0,2,adaptive-confirm-tiny-tf32-host-b1-s4-o3.txt
0,2,tf32,host,tiny,1,4,3,400,0.177188250,0.0051186173223,0,2,adaptive-confirm-tiny-tf32-host-b1-s4-o3.txt
0,2,tf32,host,tiny,1,4,4,400,0.178894000,0.00513083674014,0.609040213933,2,adaptive-confirm-tiny-tf32-host-b1-s4-o3.txt
0,2,tf32,host,tiny,1,5,0,400,0.185027500,0.00510893017054,0,2,adaptive-confirm-tiny-tf32-host-b1-s5-o0.txt
0,2,tf32,host,tiny,1,5,1,400,0.183893000,0.00510550104082,0,2,adaptive-confirm-tiny-tf32-host-b1-s5-o0.txt
0,2,tf32,host,tiny,1,5,2,400,0.177349000,0.00512002920732,0,2,adaptive-confirm-tiny-tf32-host-b1-s5-o0.txt
0,2,tf32,host,tiny,1,5,3,400,0.179941250,0.00513703702018,0,2,adaptive-confirm-tiny-tf32-host-b1-s5-o0.txt
0,2,tf32,host,tiny,1,5,4,400,0.184870000,0.00515170302242,-1.00585733508,2,adaptive-confirm-tiny-tf32-host-b1-s5-o0.txt
2,2,tf32,host,tiny,1,5,0,400,0.177966500,0.00510893017054,0,2,adaptive-confirm-tiny-tf32-host-b1-s5-o1.txt
2,2,tf32,host,tiny,1,5,1,400,0.179008500,0.00510550104082,0,2,adaptive-confirm-tiny-tf32-host-b1-s5-o1.txt
2,2,tf32,host,tiny,1,5,2,400,0.180801750,0.00512002920732,0,2,adaptive-confirm-tiny-tf32-host-b1-s5-o1.txt
2,2,tf32,host,tiny,1,5,3,400,0.177744750,0.00513703702018,0,2,adaptive-confirm-tiny-tf32-host-b1-s5-o1.txt
2,2,tf32,host,tiny,1,5,4,400,0.175202250,0.00515170302242,-1.00585733508,2,adaptive-confirm-tiny-tf32-host-b1-s5-o1.txt
2,2,tf32,host,tiny,1,5,0,400,0.184953000,0.00510893017054,0,2,adaptive-confirm-tiny-tf32-host-b1-s5-o2.txt
2,2,tf32,host,tiny,1,5,1,400,0.182689500,0.00510550104082,0,2,adaptive-confirm-tiny-tf32-host-b1-s5-o2.txt
2,2,tf32,host,tiny,1,5,2,400,0.178488750,0.00512002920732,0,2,adaptive-confirm-tiny-tf32-host-b1-s5-o2.txt
2,2,tf32,host,tiny,1,5,3,400,0.178490250,0.00513703702018,0,2,adaptive-confirm-tiny-tf32-host-b1-s5-o2.txt
2,2,tf32,host,tiny,1,5,4,400,0.180790000,0.00515170302242,-1.00585733508,2,adaptive-confirm-tiny-tf32-host-b1-s5-o2.txt
0,2,tf32,host,tiny,1,5,0,400,0.187804250,0.00510893017054,0,2,adaptive-confirm-tiny-tf32-host-b1-s5-o3.txt
0,2,tf32,host,tiny,1,5,1,400,0.177903000,0.00510550104082,0,2,adaptive-confirm-tiny-tf32-host-b1-s5-o3.txt
0,2,tf32,host,tiny,1,5,2,400,0.176885500,0.00512002920732,0,2,adaptive-confirm-tiny-tf32-host-b1-s5-o3.txt
0,2,tf32,host,tiny,1,5,3,400,0.177390250,0.00513703702018,0,2,adaptive-confirm-tiny-tf32-host-b1-s5-o3.txt
0,2,tf32,host,tiny,1,5,4,400,0.177262250,0.00515170302242,-1.00585733508,2,adaptive-confirm-tiny-tf32-host-b1-s5-o3.txt
0,2,tf32,resident,tiny,0,3,0,400,0.095112500,0.00506921531633,0,2,adaptive-confirm-tiny-tf32-resident-b0-s3-o0.txt
0,2,tf32,resident,tiny,0,3,1,400,0.103366750,0.0050322576426,0,2,adaptive-confirm-tiny-tf32-resident-b0-s3-o0.txt
0,2,tf32,resident,tiny,0,3,2,400,0.100835250,0.00501771317795,0,2,adaptive-confirm-tiny-tf32-resident-b0-s3-o0.txt
0,2,tf32,resident,tiny,0,3,3,400,0.106663250,0.00501076830551,0,2,adaptive-confirm-tiny-tf32-resident-b0-s3-o0.txt
0,2,tf32,resident,tiny,0,3,4,400,0.102596000,0.00500701414421,0.323275548202,2,adaptive-confirm-tiny-tf32-resident-b0-s3-o0.txt
2,2,tf32,resident,tiny,0,3,0,400,0.097653250,0.00506921531633,0,2,adaptive-confirm-tiny-tf32-resident-b0-s3-o1.txt
2,2,tf32,resident,tiny,0,3,1,400,0.092507250,0.0050322576426,0,2,adaptive-confirm-tiny-tf32-resident-b0-s3-o1.txt
2,2,tf32,resident,tiny,0,3,2,400,0.099538750,0.00501771317795,0,2,adaptive-confirm-tiny-tf32-resident-b0-s3-o1.txt
2,2,tf32,resident,tiny,0,3,3,400,0.101892250,0.00501076830551,0,2,adaptive-confirm-tiny-tf32-resident-b0-s3-o1.txt
2,2,tf32,resident,tiny,0,3,4,400,0.111387500,0.00500701414421,0.323275548202,2,adaptive-confirm-tiny-tf32-resident-b0-s3-o1.txt
2,2,tf32,resident,tiny,0,3,0,400,0.092534250,0.00506921531633,0,2,adaptive-confirm-tiny-tf32-resident-b0-s3-o2.txt
2,2,tf32,resident,tiny,0,3,1,400,0.094465250,0.0050322576426,0,2,adaptive-confirm-tiny-tf32-resident-b0-s3-o2.txt
2,2,tf32,resident,tiny,0,3,2,400,0.096519250,0.00501771317795,0,2,adaptive-confirm-tiny-tf32-resident-b0-s3-o2.txt
2,2,tf32,resident,tiny,0,3,3,400,0.108896750,0.00501076830551,0,2,adaptive-confirm-tiny-tf32-resident-b0-s3-o2.txt
2,2,tf32,resident,tiny,0,3,4,400,0.106921250,0.00500701414421,0.323275548202,2,adaptive-confirm-tiny-tf32-resident-b0-s3-o2.txt
0,2,tf32,resident,tiny,0,3,0,400,0.092961750,0.00506921531633,0,2,adaptive-confirm-tiny-tf32-resident-b0-s3-o3.txt
0,2,tf32,resident,tiny,0,3,1,400,0.091631000,0.0050322576426,0,2,adaptive-confirm-tiny-tf32-resident-b0-s3-o3.txt
0,2,tf32,resident,tiny,0,3,2,400,0.090207750,0.00501771317795,0,2,adaptive-confirm-tiny-tf32-resident-b0-s3-o3.txt
0,2,tf32,resident,tiny,0,3,3,400,0.090968500,0.00501076830551,0,2,adaptive-confirm-tiny-tf32-resident-b0-s3-o3.txt
0,2,tf32,resident,tiny,0,3,4,400,0.092355250,0.00500701414421,0.323275548202,2,adaptive-confirm-tiny-tf32-resident-b0-s3-o3.txt
0,2,tf32,resident,tiny,0,4,0,400,0.090711000,0.00506907561794,0,2,adaptive-confirm-tiny-tf32-resident-b0-s4-o0.txt
0,2,tf32,resident,tiny,0,4,1,400,0.089640000,0.00503291003406,0,2,adaptive-confirm-tiny-tf32-resident-b0-s4-o0.txt
0,2,tf32,resident,tiny,0,4,2,400,0.089844500,0.00501832924783,0,2,adaptive-confirm-tiny-tf32-resident-b0-s4-o0.txt
0,2,tf32,resident,tiny,0,4,3,400,0.089156000,0.00501113664359,0,2,adaptive-confirm-tiny-tf32-resident-b0-s4-o0.txt
0,2,tf32,resident,tiny,0,4,4,400,0.088855750,0.0050071538426,0.629868917823,2,adaptive-confirm-tiny-tf32-resident-b0-s4-o0.txt
2,2,tf32,resident,tiny,0,4,0,400,0.091016000,0.00506907561794,0,2,adaptive-confirm-tiny-tf32-resident-b0-s4-o1.txt
2,2,tf32,resident,tiny,0,4,1,400,0.090413750,0.00503291003406,0,2,adaptive-confirm-tiny-tf32-resident-b0-s4-o1.txt
2,2,tf32,resident,tiny,0,4,2,400,0.087305750,0.00501832924783,0,2,adaptive-confirm-tiny-tf32-resident-b0-s4-o1.txt
2,2,tf32,resident,tiny,0,4,3,400,0.091167500,0.00501113664359,0,2,adaptive-confirm-tiny-tf32-resident-b0-s4-o1.txt
2,2,tf32,resident,tiny,0,4,4,400,0.088411750,0.0050071538426,0.629868917823,2,adaptive-confirm-tiny-tf32-resident-b0-s4-o1.txt
2,2,tf32,resident,tiny,0,4,0,400,0.090934750,0.00506907561794,0,2,adaptive-confirm-tiny-tf32-resident-b0-s4-o2.txt
2,2,tf32,resident,tiny,0,4,1,400,0.086789250,0.00503291003406,0,2,adaptive-confirm-tiny-tf32-resident-b0-s4-o2.txt
2,2,tf32,resident,tiny,0,4,2,400,0.086317250,0.00501832924783,0,2,adaptive-confirm-tiny-tf32-resident-b0-s4-o2.txt
2,2,tf32,resident,tiny,0,4,3,400,0.085862750,0.00501113664359,0,2,adaptive-confirm-tiny-tf32-resident-b0-s4-o2.txt
2,2,tf32,resident,tiny,0,4,4,400,0.086718000,0.0050071538426,0.629868917823,2,adaptive-confirm-tiny-tf32-resident-b0-s4-o2.txt
0,2,tf32,resident,tiny,0,4,0,400,0.086189250,0.00506907561794,0,2,adaptive-confirm-tiny-tf32-resident-b0-s4-o3.txt
0,2,tf32,resident,tiny,0,4,1,400,0.086102000,0.00503291003406,0,2,adaptive-confirm-tiny-tf32-resident-b0-s4-o3.txt
0,2,tf32,resident,tiny,0,4,2,400,0.086520750,0.00501832924783,0,2,adaptive-confirm-tiny-tf32-resident-b0-s4-o3.txt
0,2,tf32,resident,tiny,0,4,3,400,0.088272500,0.00501113664359,0,2,adaptive-confirm-tiny-tf32-resident-b0-s4-o3.txt
0,2,tf32,resident,tiny,0,4,4,400,0.090590250,0.0050071538426,0.629868917823,2,adaptive-confirm-tiny-tf32-resident-b0-s4-o3.txt
0,2,tf32,resident,tiny,0,5,0,400,0.087662250,0.00507058575749,0,2,adaptive-confirm-tiny-tf32-resident-b0-s5-o0.txt
0,2,tf32,resident,tiny,0,5,1,400,0.085708000,0.00503130070865,0,2,adaptive-confirm-tiny-tf32-resident-b0-s5-o0.txt
0,2,tf32,resident,tiny,0,5,2,400,0.086705000,0.0050169993192,0,2,adaptive-confirm-tiny-tf32-resident-b0-s5-o0.txt
0,2,tf32,resident,tiny,0,5,3,400,0.086210750,0.0050104977563,0,2,adaptive-confirm-tiny-tf32-resident-b0-s5-o0.txt
0,2,tf32,resident,tiny,0,5,4,400,0.086163500,0.00500707654282,-1.02417406778,2,adaptive-confirm-tiny-tf32-resident-b0-s5-o0.txt
2,2,tf32,resident,tiny,0,5,0,400,0.085679500,0.00507058575749,0,2,adaptive-confirm-tiny-tf32-resident-b0-s5-o1.txt
2,2,tf32,resident,tiny,0,5,1,400,0.102620000,0.00503130070865,0,2,adaptive-confirm-tiny-tf32-resident-b0-s5-o1.txt
2,2,tf32,resident,tiny,0,5,2,400,0.101781000,0.0050169993192,0,2,adaptive-confirm-tiny-tf32-resident-b0-s5-o1.txt
2,2,tf32,resident,tiny,0,5,3,400,0.088365250,0.0050104977563,0,2,adaptive-confirm-tiny-tf32-resident-b0-s5-o1.txt
2,2,tf32,resident,tiny,0,5,4,400,0.087924500,0.00500707654282,-1.02417406778,2,adaptive-confirm-tiny-tf32-resident-b0-s5-o1.txt
2,2,tf32,resident,tiny,0,5,0,400,0.086025500,0.00507058575749,0,2,adaptive-confirm-tiny-tf32-resident-b0-s5-o2.txt
2,2,tf32,resident,tiny,0,5,1,400,0.086085750,0.00503130070865,0,2,adaptive-confirm-tiny-tf32-resident-b0-s5-o2.txt
2,2,tf32,resident,tiny,0,5,2,400,0.087262000,0.0050169993192,0,2,adaptive-confirm-tiny-tf32-resident-b0-s5-o2.txt
2,2,tf32,resident,tiny,0,5,3,400,0.089139750,0.0050104977563,0,2,adaptive-confirm-tiny-tf32-resident-b0-s5-o2.txt
2,2,tf32,resident,tiny,0,5,4,400,0.086058500,0.00500707654282,-1.02417406778,2,adaptive-confirm-tiny-tf32-resident-b0-s5-o2.txt
0,2,tf32,resident,tiny,0,5,0,400,0.089069750,0.00507058575749,0,2,adaptive-confirm-tiny-tf32-resident-b0-s5-o3.txt
0,2,tf32,resident,tiny,0,5,1,400,0.087539250,0.00503130070865,0,2,adaptive-confirm-tiny-tf32-resident-b0-s5-o3.txt
0,2,tf32,resident,tiny,0,5,2,400,0.089706750,0.0050169993192,0,2,adaptive-confirm-tiny-tf32-resident-b0-s5-o3.txt
0,2,tf32,resident,tiny,0,5,3,400,0.085486500,0.0050104977563,0,2,adaptive-confirm-tiny-tf32-resident-b0-s5-o3.txt
0,2,tf32,resident,tiny,0,5,4,400,0.086614750,0.00500707654282,-1.02417406778,2,adaptive-confirm-tiny-tf32-resident-b0-s5-o3.txt
0,2,tf32,resident,tiny,1,3,0,400,0.099520250,0.00506954872981,0,2,adaptive-confirm-tiny-tf32-resident-b1-s3-o0.txt
0,2,tf32,resident,tiny,1,3,1,400,0.099854500,0.00503169931471,0,2,adaptive-confirm-tiny-tf32-resident-b1-s3-o0.txt
0,2,tf32,resident,tiny,1,3,2,400,0.099132000,0.00501702353358,0,2,adaptive-confirm-tiny-tf32-resident-b1-s3-o0.txt
0,2,tf32,resident,tiny,1,3,3,400,0.099534000,0.00501015223563,0,2,adaptive-confirm-tiny-tf32-resident-b1-s3-o0.txt
0,2,tf32,resident,tiny,1,3,4,400,0.098862750,0.00500651495531,0.309910137342,2,adaptive-confirm-tiny-tf32-resident-b1-s3-o0.txt
2,2,tf32,resident,tiny,1,3,0,400,0.099715250,0.00506954872981,0,2,adaptive-confirm-tiny-tf32-resident-b1-s3-o1.txt
2,2,tf32,resident,tiny,1,3,1,400,0.102513000,0.00503169931471,0,2,adaptive-confirm-tiny-tf32-resident-b1-s3-o1.txt
2,2,tf32,resident,tiny,1,3,2,400,0.099057000,0.00501702353358,0,2,adaptive-confirm-tiny-tf32-resident-b1-s3-o1.txt
2,2,tf32,resident,tiny,1,3,3,400,0.099418750,0.00501015223563,0,2,adaptive-confirm-tiny-tf32-resident-b1-s3-o1.txt
2,2,tf32,resident,tiny,1,3,4,400,0.099470000,0.00500651495531,0.309910137342,2,adaptive-confirm-tiny-tf32-resident-b1-s3-o1.txt
2,2,tf32,resident,tiny,1,3,0,400,0.098805000,0.00506954872981,0,2,adaptive-confirm-tiny-tf32-resident-b1-s3-o2.txt
2,2,tf32,resident,tiny,1,3,1,400,0.097979000,0.00503169931471,0,2,adaptive-confirm-tiny-tf32-resident-b1-s3-o2.txt
2,2,tf32,resident,tiny,1,3,2,400,0.098039000,0.00501702353358,0,2,adaptive-confirm-tiny-tf32-resident-b1-s3-o2.txt
2,2,tf32,resident,tiny,1,3,3,400,0.098905000,0.00501015223563,0,2,adaptive-confirm-tiny-tf32-resident-b1-s3-o2.txt
2,2,tf32,resident,tiny,1,3,4,400,0.098771000,0.00500651495531,0.309910137342,2,adaptive-confirm-tiny-tf32-resident-b1-s3-o2.txt
0,2,tf32,resident,tiny,1,3,0,400,0.106239500,0.00506954872981,0,2,adaptive-confirm-tiny-tf32-resident-b1-s3-o3.txt
0,2,tf32,resident,tiny,1,3,1,400,0.099587000,0.00503169931471,0,2,adaptive-confirm-tiny-tf32-resident-b1-s3-o3.txt
0,2,tf32,resident,tiny,1,3,2,400,0.100049500,0.00501702353358,0,2,adaptive-confirm-tiny-tf32-resident-b1-s3-o3.txt
0,2,tf32,resident,tiny,1,3,3,400,0.105166000,0.00501015223563,0,2,adaptive-confirm-tiny-tf32-resident-b1-s3-o3.txt
0,2,tf32,resident,tiny,1,3,4,400,0.102049500,0.00500651495531,0.309910137342,2,adaptive-confirm-tiny-tf32-resident-b1-s3-o3.txt
0,2,tf32,resident,tiny,1,4,0,400,0.099218750,0.00506937690079,0,2,adaptive-confirm-tiny-tf32-resident-b1-s4-o0.txt
0,2,tf32,resident,tiny,1,4,1,400,0.099139250,0.00503200758249,0,2,adaptive-confirm-tiny-tf32-resident-b1-s4-o0.txt
0,2,tf32,resident,tiny,1,4,2,400,0.099507750,0.00501744681969,0,2,adaptive-confirm-tiny-tf32-resident-b1-s4-o0.txt
0,2,tf32,resident,tiny,1,4,3,400,0.099130250,0.00501040229574,0,2,adaptive-confirm-tiny-tf32-resident-b1-s4-o0.txt
0,2,tf32,resident,tiny,1,4,4,400,0.098984000,0.00500656524673,0.589431145626,2,adaptive-confirm-tiny-tf32-resident-b1-s4-o0.txt
2,2,tf32,resident,tiny,1,4,0,400,0.098995000,0.00506937690079,0,2,adaptive-confirm-tiny-tf32-resident-b1-s4-o1.txt
2,2,tf32,resident,tiny,1,4,1,400,0.098811250,0.00503200758249,0,2,adaptive-confirm-tiny-tf32-resident-b1-s4-o1.txt
2,2,tf32,resident,tiny,1,4,2,400,0.099570000,0.00501744681969,0,2,adaptive-confirm-tiny-tf32-resident-b1-s4-o1.txt
2,2,tf32,resident,tiny,1,4,3,400,0.099264750,0.00501040229574,0,2,adaptive-confirm-tiny-tf32-resident-b1-s4-o1.txt
2,2,tf32,resident,tiny,1,4,4,400,0.099075000,0.00500656524673,0.589431145626,2,adaptive-confirm-tiny-tf32-resident-b1-s4-o1.txt
2,2,tf32,resident,tiny,1,4,0,400,0.098403500,0.00506937690079,0,2,adaptive-confirm-tiny-tf32-resident-b1-s4-o2.txt
2,2,tf32,resident,tiny,1,4,1,400,0.098294250,0.00503200758249,0,2,adaptive-confirm-tiny-tf32-resident-b1-s4-o2.txt
2,2,tf32,resident,tiny,1,4,2,400,0.103413000,0.00501744681969,0,2,adaptive-confirm-tiny-tf32-resident-b1-s4-o2.txt
2,2,tf32,resident,tiny,1,4,3,400,0.099608500,0.00501040229574,0,2,adaptive-confirm-tiny-tf32-resident-b1-s4-o2.txt
2,2,tf32,resident,tiny,1,4,4,400,0.106916250,0.00500656524673,0.589431145626,2,adaptive-confirm-tiny-tf32-resident-b1-s4-o2.txt
0,2,tf32,resident,tiny,1,4,0,400,0.104912500,0.00506937690079,0,2,adaptive-confirm-tiny-tf32-resident-b1-s4-o3.txt
0,2,tf32,resident,tiny,1,4,1,400,0.097985750,0.00503200758249,0,2,adaptive-confirm-tiny-tf32-resident-b1-s4-o3.txt
0,2,tf32,resident,tiny,1,4,2,400,0.103614500,0.00501744681969,0,2,adaptive-confirm-tiny-tf32-resident-b1-s4-o3.txt
0,2,tf32,resident,tiny,1,4,3,400,0.099746500,0.00501040229574,0,2,adaptive-confirm-tiny-tf32-resident-b1-s4-o3.txt
0,2,tf32,resident,tiny,1,4,4,400,0.100808000,0.00500656524673,0.589431145626,2,adaptive-confirm-tiny-tf32-resident-b1-s4-o3.txt
0,2,tf32,resident,tiny,1,5,0,400,0.099424250,0.00506906071678,0,2,adaptive-confirm-tiny-tf32-resident-b1-s5-o0.txt
0,2,tf32,resident,tiny,1,5,1,400,0.099542000,0.00503074703738,0,2,adaptive-confirm-tiny-tf32-resident-b1-s5-o0.txt
0,2,tf32,resident,tiny,1,5,2,400,0.100416750,0.00501677161083,0,2,adaptive-confirm-tiny-tf32-resident-b1-s5-o0.txt
0,2,tf32,resident,tiny,1,5,3,400,0.098905000,0.00501040369272,0,2,adaptive-confirm-tiny-tf32-resident-b1-s5-o0.txt
0,2,tf32,resident,tiny,1,5,4,400,0.100801000,0.00500704161823,-1.01621701889,2,adaptive-confirm-tiny-tf32-resident-b1-s5-o0.txt
2,2,tf32,resident,tiny,1,5,0,400,0.099215000,0.00506906071678,0,2,adaptive-confirm-tiny-tf32-resident-b1-s5-o1.txt
2,2,tf32,resident,tiny,1,5,1,400,0.107797750,0.00503074703738,0,2,adaptive-confirm-tiny-tf32-resident-b1-s5-o1.txt
2,2,tf32,resident,tiny,1,5,2,400,0.101546000,0.00501677161083,0,2,adaptive-confirm-tiny-tf32-resident-b1-s5-o1.txt
2,2,tf32,resident,tiny,1,5,3,400,0.102578500,0.00501040369272,0,2,adaptive-confirm-tiny-tf32-resident-b1-s5-o1.txt
2,2,tf32,resident,tiny,1,5,4,400,0.113015750,0.00500704161823,-1.01621701889,2,adaptive-confirm-tiny-tf32-resident-b1-s5-o1.txt
2,2,tf32,resident,tiny,1,5,0,400,0.098699750,0.00506906071678,0,2,adaptive-confirm-tiny-tf32-resident-b1-s5-o2.txt
2,2,tf32,resident,tiny,1,5,1,400,0.098669750,0.00503074703738,0,2,adaptive-confirm-tiny-tf32-resident-b1-s5-o2.txt
2,2,tf32,resident,tiny,1,5,2,400,0.099029000,0.00501677161083,0,2,adaptive-confirm-tiny-tf32-resident-b1-s5-o2.txt
2,2,tf32,resident,tiny,1,5,3,400,0.099665750,0.00501040369272,0,2,adaptive-confirm-tiny-tf32-resident-b1-s5-o2.txt
2,2,tf32,resident,tiny,1,5,4,400,0.100323500,0.00500704161823,-1.01621701889,2,adaptive-confirm-tiny-tf32-resident-b1-s5-o2.txt
0,2,tf32,resident,tiny,1,5,0,400,0.112528750,0.00506906071678,0,2,adaptive-confirm-tiny-tf32-resident-b1-s5-o3.txt
0,2,tf32,resident,tiny,1,5,1,400,0.098595000,0.00503074703738,0,2,adaptive-confirm-tiny-tf32-resident-b1-s5-o3.txt
0,2,tf32,resident,tiny,1,5,2,400,0.099781250,0.00501677161083,0,2,adaptive-confirm-tiny-tf32-resident-b1-s5-o3.txt
0,2,tf32,resident,tiny,1,5,3,400,0.101150250,0.00501040369272,0,2,adaptive-confirm-tiny-tf32-resident-b1-s5-o3.txt
0,2,tf32,resident,tiny,1,5,4,400,0.100538250,0.00500704161823,-1.01621701889,2,adaptive-confirm-tiny-tf32-resident-b1-s5-o3.txt
